PCoA1,PCoA2,Diet.5mo.as.AL,age.approx.months
 0.11723231, 0.10220661,20,46
-0.12664774, 0.18012201,40,46
 0.37093659, 0.06996559,40,46
 0.30552389, 0.13073075,40,46
 0.11385312, 0.02206986,40,46
 0.23670267,-0.02002784,40,46
-0.07082850,-0.00305103,40,46
 0.42833327,-0.06352340,40,46
 0.06709444,-0.08051323,40,46
 0.11393457, 0.09998088,1D,40
-0.25814593,-0.09816022,1D,40
 0.27473629, 0.03276487,20,40
 0.22109200, 0.04335738,20,40
 0.11186744, 0.06728138,20,40
-0.06990709, 0.06824046,20,40
 0.08355408, 0.10892499,20,40
 0.09989223, 0.16687934,20,40
-0.05264099, 0.09705277,20,40
 0.02975266, 0.11554299,20,40
-0.05029419, 0.10993434,20,40
-0.00926147, 0.14000586,20,40
 0.15237539, 0.09539240,20,40
 0.20824909, 0.10934429,20,40
 0.34447417, 0.02727351,20,40
 0.25644214, 0.02946217,20,40
-0.21021056, 0.03024470,20,40
 0.38455683,-0.05019315,20,40
 0.10913457,-0.06237760,20,40
 0.13478998, 0.09012742,20,40
-0.23321515,-0.01641453,20,40
-0.21103386,-0.00900318,20,40
 0.01824087, 0.16170841,20,40
 0.03490720, 0.08019347,20,40
 0.37122914,-0.05812372,2D,40
-0.29662790, 0.05214239,2D,40
-0.24489889,-0.00585705,2D,40
-0.04912718, 0.11327001,2D,40
-0.18622293, 0.05500532,2D,40
 0.15980957, 0.00741713,2D,40
 0.34228304, 0.01398554,2D,40
 0.19495773, 0.04418710,2D,40
-0.26431842, 0.05225693,2D,40
 0.02228948, 0.19138265,40,40
-0.06280065, 0.05852124,40,40
 0.07654954, 0.05676672,40,40
 0.10425598, 0.11026651,40,40
 0.36468568, 0.03988987,40,40
 0.16315316, 0.14539584,40,40
 0.16513428, 0.00304419,40,40
 0.00581272, 0.16702163,40,40
-0.07566031, 0.01774050,40,40
-0.09981529, 0.21781794,40,40
 0.05248201, 0.05004679,40,40
 0.33117409, 0.02609063,40,40
 0.30791873, 0.03386277,40,40
 0.15388449, 0.06759788,40,40
 0.29124646, 0.08233070,40,40
 0.36411280, 0.05069985,40,40
 0.17570440, 0.04895535,40,40
 0.01053225, 0.19775949,40,40
 0.32996598, 0.07209626,40,40
 0.12845399, 0.09618132,40,40
 0.00193875, 0.18387511,40,40
 0.21769520, 0.14261652,40,40
 0.04278622, 0.14062860,40,40
 0.28401343, 0.12340415,40,40
 0.30394308,-0.09688273,40,40
 0.20778031, 0.14475646,40,40
-0.10338428, 0.00893614,40,40
 0.13647246, 0.13757227,40,40
 0.17138876, 0.15397742,40,40
-0.01495812, 0.05120912,40,40
-0.02489295, 0.11389188,40,40
-0.01834212, 0.10581244,40,40
 0.09760314, 0.16129083,40,40
-0.03699051,-0.06227476,AL,40
-0.07550482,-0.21355034,AL,40
-0.16844332, 0.15079540,AL,40
 0.06475161, 0.04211327,1D,34
 0.17566240, 0.08352508,1D,34
-0.17834128, 0.12394816,1D,34
-0.13701485, 0.03280344,1D,34
 0.21751100,-0.02983886,1D,34
-0.13557608, 0.03576797,1D,34
-0.06970810,-0.01001479,1D,34
 0.14320073,-0.03958402,1D,34
 0.35312468,-0.00428782,1D,34
 0.25209589, 0.02237128,1D,34
-0.21772203,-0.13944166,1D,34
 0.15395918,-0.03193437,1D,34
-0.17833845, 0.07201883,1D,34
 0.08592689,-0.03395080,1D,34
 0.17536811, 0.03884892,1D,34
-0.08162255, 0.10807562,1D,34
 0.28031947, 0.00707852,1D,34
-0.31042977,-0.06371247,1D,34
-0.07605328, 0.09061483,1D,34
 0.00512576, 0.03274937,1D,34
-0.16650350, 0.08415562,1D,34
-0.02742984, 0.07798186,1D,34
-0.00173671, 0.03189209,1D,34
 0.17346158,-0.12126889,1D,34
-0.07027936,-0.00257188,1D,34
 0.08708483, 0.01272829,1D,34
-0.02348510, 0.07047749,1D,34
-0.21375430, 0.12834678,1D,34
 0.10863530, 0.07022381,1D,34
 0.21932385, 0.04982842,1D,34
-0.18216336, 0.19142006,1D,34
-0.03633114, 0.08799301,20,34
-0.20768890, 0.10431364,20,34
-0.26282851,-0.15543263,20,34
 0.17742101, 0.02372921,20,34
 0.30505242,-0.03856298,20,34
 0.01476115, 0.21085018,20,34
 0.04152698, 0.07516917,20,34
 0.07415914, 0.06180371,20,34
-0.00639807, 0.12850780,20,34
 0.14191677,-0.00323863,20,34
 0.34613824, 0.02728419,20,34
 0.22344411,-0.12621825,20,34
 0.05392608, 0.11386063,20,34
-0.16791464, 0.10934444,20,34
-0.09185040, 0.10061203,20,34
-0.12355234, 0.08129343,20,34
 0.07167523, 0.07298008,20,34
-0.02505154, 0.11161229,20,34
-0.11314642, 0.03165980,20,34
 0.04417755, 0.11637697,20,34
-0.18959898, 0.24140096,20,34
 0.01702526, 0.23792216,20,34
 0.15953486, 0.14854203,20,34
 0.08897469, 0.15373374,20,34
-0.13970305, 0.09236326,20,34
-0.13000913, 0.02466742,20,34
-0.08294938, 0.13140493,20,34
-0.19401553, 0.06594443,20,34
 0.30074486, 0.03676796,20,34
-0.10572182,-0.19168528,20,34
 0.38420683, 0.01615172,20,34
-0.00266104, 0.17688080,20,34
 0.18337013, 0.03356347,20,34
-0.17858418,-0.08575097,20,34
 0.09411367, 0.01728502,20,34
 0.19473897, 0.02658937,20,34
 0.25639074, 0.00242284,20,34
 0.08802507, 0.16534285,20,34
 0.04790819, 0.03159142,20,34
 0.13062929, 0.02090736,20,34
-0.03966777, 0.22428021,20,34
 0.20605405, 0.06978105,20,34
 0.42701844,-0.06977994,20,34
 0.26956704,-0.00401538,20,34
 0.30934912, 0.01635504,20,34
-0.09675828, 0.09255406,20,34
-0.15803810, 0.08190244,20,34
 0.06809820, 0.20070688,2D,34
 0.35135080, 0.00804063,2D,34
-0.04372982, 0.22322255,2D,34
-0.25324626,-0.14929003,2D,34
 0.28377844,-0.01846525,2D,34
-0.03554050, 0.03799528,2D,34
-0.18647530,-0.18492373,2D,34
 0.08525451, 0.05676356,2D,34
 0.26895266,-0.01438208,2D,34
-0.11165574,-0.04093579,2D,34
 0.15649289, 0.02615489,2D,34
 0.27383996,-0.08824644,2D,34
-0.02098874, 0.12999783,2D,34
 0.15353139, 0.06931758,2D,34
 0.42203452,-0.01883620,2D,34
 0.22989061,-0.00691974,2D,34
 0.17133665, 0.05287080,2D,34
-0.12563680, 0.07125255,2D,34
 0.19765677,-0.02656392,2D,34
 0.05361463, 0.04208349,2D,34
 0.08764295, 0.05568260,2D,34
 0.23853613, 0.00817094,2D,34
 0.21915764, 0.05793628,2D,34
 0.03479347,-0.07448675,2D,34
-0.15553772, 0.08893142,2D,34
 0.29652656,-0.06828217,2D,34
 0.04257560, 0.11900562,2D,34
 0.13705843, 0.01214428,2D,34
-0.26018494, 0.21633758,2D,34
 0.12376503, 0.03730742,2D,34
 0.08624707, 0.05028138,2D,34
 0.19170421, 0.02817114,2D,34
-0.07689253,-0.22196444,2D,34
 0.33479882,-0.07918824,2D,34
 0.11429060, 0.06108172,40,34
 0.30996835,-0.01279706,40,34
 0.30702234, 0.01763922,40,34
 0.16538581, 0.10696812,40,34
 0.03941303, 0.15312253,40,34
-0.04736122, 0.22230262,40,34
-0.01932894, 0.16587496,40,34
-0.00844637, 0.27907378,40,34
-0.15309351, 0.13029924,40,34
 0.04924422, 0.07768425,40,34
 0.23468114, 0.09137989,40,34
 0.14412726, 0.18227937,40,34
 0.10163067, 0.14894953,40,34
 0.19010816, 0.09156867,40,34
-0.03100234, 0.13567057,40,34
 0.23596136, 0.04624738,40,34
-0.06772469, 0.06320316,40,34
 0.01875448, 0.23282015,40,34
 0.04659095, 0.12854399,40,34
 0.09942343, 0.10226541,40,34
 0.16455328, 0.11699198,40,34
 0.08453393, 0.10912103,40,34
 0.17309999, 0.11325765,40,34
 0.00960143, 0.12817909,40,34
 0.32687118, 0.01598030,40,34
-0.08971346, 0.14452154,40,34
 0.13535794, 0.07355885,40,34
 0.25568343, 0.11454231,40,34
 0.26331336, 0.08205488,40,34
 0.17173707, 0.13642796,40,34
 0.12786859, 0.16661079,40,34
-0.06339079, 0.24911515,40,34
 0.25477039, 0.07502753,40,34
-0.17654611, 0.27065094,40,34
-0.00464376, 0.19828355,40,34
 0.18713781, 0.08993714,40,34
-0.07496973, 0.23314683,40,34
 0.13080332, 0.09777610,40,34
-0.02936654, 0.19681044,40,34
 0.06399494,-0.03408021,40,34
 0.04563146, 0.21019136,40,34
 0.12021186, 0.06037936,40,34
 0.37029053, 0.07206965,40,34
 0.15468330, 0.17028402,40,34
 0.27652949, 0.06159678,40,34
 0.08808409, 0.19532996,40,34
 0.11433130, 0.06195379,40,34
-0.05291479, 0.03437952,40,34
 0.33562462, 0.01063764,40,34
 0.14242518,-0.18116643,AL,34
 0.16320193,-0.07401681,AL,34
 0.19010768, 0.00282215,AL,34
-0.06018705,-0.12415793,AL,34
-0.09326797, 0.20347623,AL,34
 0.23324983, 0.02268163,AL,34
 0.25662072, 0.01495273,AL,34
-0.01189597, 0.05845939,AL,34
-0.07597170, 0.12338461,AL,34
-0.15213950, 0.01037607,AL,34
-0.03291475, 0.15299323,AL,34
-0.12311638,-0.02004626,AL,34
-0.29092923,-0.02164085,AL,34
 0.27387342, 0.01082366,AL,34
-0.07392029, 0.04368265,1D,28
 0.26046851,-0.01077338,1D,28
 0.31144176,-0.10320030,1D,28
 0.21259064, 0.01851170,1D,28
 0.23242673, 0.01962075,1D,28
 0.22402020,-0.22692982,1D,28
 0.35760890,-0.04679680,1D,28
 0.15407913,-0.11237028,1D,28
 0.37677595,-0.10726737,1D,28
 0.25119885,-0.18905778,1D,28
 0.15278324, 0.01098229,1D,28
-0.01136827, 0.09749803,1D,28
 0.06394253, 0.00337517,1D,28
-0.25943747, 0.01819167,1D,28
 0.28332693,-0.07284028,1D,28
 0.04953613,-0.07763961,1D,28
 0.02615636, 0.04501200,1D,28
-0.16757196, 0.21684930,1D,28
 0.11222571, 0.03383086,1D,28
-0.30841694,-0.04032167,1D,28
 0.25004401, 0.04466260,1D,28
 0.09604540, 0.06157188,1D,28
 0.07742830, 0.05639344,1D,28
 0.02750569, 0.04086761,1D,28
-0.15483113, 0.08608445,1D,28
 0.08619472, 0.01477942,1D,28
 0.25002401, 0.00845488,1D,28
 0.05912487,-0.27021903,1D,28
-0.05898960,-0.12319073,1D,28
-0.18829854,-0.20886387,1D,28
-0.17514903, 0.10986919,1D,28
-0.07098872, 0.03726673,1D,28
 0.00172680, 0.01627973,1D,28
-0.09024419, 0.02915176,1D,28
 0.13652887, 0.04572625,1D,28
 0.27477230,-0.05856457,1D,28
 0.34610837,-0.07623695,1D,28
 0.14805400,-0.00387724,1D,28
-0.27523772, 0.03118459,1D,28
 0.24551409,-0.03212766,1D,28
 0.12375324, 0.07664459,1D,28
-0.19167650, 0.03104443,1D,28
-0.24204480, 0.00845156,1D,28
-0.22989520, 0.20683001,1D,28
 0.10415763, 0.04521952,1D,28
 0.16798235, 0.02913022,1D,28
-0.09028898, 0.03875078,1D,28
 0.09939555,-0.25233021,1D,28
-0.06102096,-0.04251682,1D,28
 0.29736073,-0.02231060,1D,28
 0.12083264, 0.04824106,1D,28
-0.15986573, 0.04339556,1D,28
-0.10968635, 0.01054051,1D,28
-0.00098865,-0.01451854,1D,28
-0.18836680, 0.10874080,1D,28
-0.33311767,-0.07353702,1D,28
 0.15079311, 0.01400914,1D,28
-0.11942421, 0.07191603,1D,28
 0.16238451,-0.09246655,1D,28
-0.18755803, 0.11869356,1D,28
-0.10902009, 0.11652763,1D,28
 0.07005791,-0.01371710,1D,28
-0.23646427, 0.14112697,1D,28
-0.03798772, 0.14647324,1D,28
-0.25579761, 0.05062544,1D,28
 0.06757995, 0.00329206,1D,28
-0.01593698,-0.01726339,1D,28
-0.01201507,-0.01871106,1D,28
-0.07787323, 0.03058523,1D,28
 0.13325971,-0.04897914,1D,28
 0.07537379,-0.03490303,1D,28
 0.16554052,-0.07285555,1D,28
 0.23496372,-0.09963876,1D,28
-0.06539752, 0.09055207,1D,28
 0.31785016,-0.03731683,20,28
 0.09548213, 0.04853925,20,28
 0.22477242, 0.01677445,20,28
 0.11708926, 0.06169882,20,28
-0.13295257, 0.26321024,20,28
 0.05897936, 0.12513253,20,28
 0.32924852,-0.05974347,20,28
 0.15897193, 0.03015942,20,28
-0.12553925,-0.01743107,20,28
-0.00298612, 0.10598429,20,28
 0.03832450,-0.04764916,20,28
 0.21495362, 0.02886645,20,28
 0.08478835, 0.06050285,20,28
 0.17852128, 0.07141210,20,28
-0.14058638,-0.03341980,20,28
 0.13589477, 0.07735134,20,28
-0.07378449, 0.04737959,20,28
-0.08680539,-0.11285480,20,28
-0.07743744,-0.14485593,20,28
 0.32127777,-0.00269011,20,28
 0.01309174, 0.12004699,20,28
-0.10496209, 0.16462962,20,28
 0.29918198, 0.01535145,20,28
 0.35801784, 0.04112948,20,28
 0.27722803, 0.05518794,20,28
 0.07119655, 0.07093315,20,28
-0.01239472, 0.14741752,20,28
 0.21204334, 0.09030699,20,28
-0.01367726,-0.04348474,20,28
-0.21653790, 0.02104497,20,28
 0.15241731,-0.01008683,20,28
-0.24505085,-0.00032227,20,28
 0.16191818, 0.03296689,20,28
-0.07126564, 0.13451166,20,28
 0.01620798, 0.17166085,20,28
 0.06415187, 0.19248818,20,28
 0.35718407, 0.02394306,20,28
-0.18705550, 0.26321770,20,28
 0.00441791, 0.08182690,20,28
-0.15525206,-0.05794795,20,28
 0.39115930, 0.00906289,20,28
 0.08054008, 0.13101280,20,28
 0.14512581, 0.09745337,20,28
 0.37356808, 0.03676689,20,28
 0.18886229, 0.07031255,20,28
 0.02719284, 0.09499273,20,28
 0.24231170, 0.04962167,20,28
 0.28687051,-0.03104753,20,28
-0.04070669, 0.14254804,20,28
 0.31419036, 0.04705414,20,28
 0.23586285, 0.12792825,20,28
 0.26859634, 0.00963940,20,28
 0.22971308,-0.05109053,20,28
 0.10020592, 0.07338966,20,28
 0.26277332, 0.00528872,20,28
 0.14940702, 0.03264230,20,28
 0.12817041, 0.13583076,20,28
 0.11975886, 0.20378380,20,28
 0.06464211, 0.00812068,20,28
 0.35078547,-0.01196236,20,28
 0.00024455, 0.13490142,20,28
 0.10743756, 0.03926211,20,28
 0.30543633, 0.03778610,20,28
 0.19075493, 0.12212399,20,28
 0.08297822, 0.07738597,20,28
 0.24194854, 0.10363830,20,28
 0.13989580, 0.12136886,20,28
 0.09857523, 0.15154730,20,28
 0.23806963,-0.04603098,20,28
-0.00066577,-0.00464577,20,28
-0.07650458, 0.02716062,20,28
 0.23074975,-0.01073203,20,28
-0.08806207, 0.17406365,20,28
 0.02644276, 0.14033561,20,28
 0.17654568, 0.11295884,20,28
 0.23986085, 0.09859597,20,28
 0.18373926, 0.05159122,20,28
-0.02890938, 0.05364817,2D,28
 0.35017827,-0.05456117,2D,28
 0.27453883, 0.00387144,2D,28
-0.07352433,-0.07240213,2D,28
 0.02957400, 0.08256877,2D,28
-0.21376021,-0.07212758,2D,28
-0.00719395,-0.06044858,2D,28
-0.08780091,-0.03603256,2D,28
 0.25326961,-0.04624180,2D,28
 0.11774206,-0.06880593,2D,28
 0.38880100,-0.01465790,2D,28
 0.10563340,-0.03392667,2D,28
 0.41849199,-0.01892962,2D,28
 0.25893834,-0.01148958,2D,28
-0.02805518,-0.12822892,2D,28
 0.22000906,-0.06624320,2D,28
-0.08720341, 0.00696344,2D,28
 0.16890657, 0.02185766,2D,28
-0.10655270, 0.14796828,2D,28
 0.29627407, 0.02233681,2D,28
 0.36594883,-0.10212294,2D,28
 0.07499413,-0.03340942,2D,28
 0.04163813, 0.17387125,2D,28
-0.19883300,-0.16975699,2D,28
 0.38241556,-0.11285946,2D,28
 0.18892990, 0.02986811,2D,28
 0.19959599,-0.05240262,2D,28
-0.19601265, 0.05040886,2D,28
 0.08795448, 0.04658202,2D,28
 0.08938596, 0.05833325,2D,28
 0.35473590,-0.04202309,2D,28
 0.26890987, 0.05484473,2D,28
-0.13500158, 0.05314547,2D,28
 0.12811657, 0.12511933,2D,28
 0.14410855, 0.09508079,2D,28
-0.00877925, 0.19725552,2D,28
 0.21342186,-0.18871792,2D,28
 0.02635003, 0.10697340,2D,28
 0.31379724, 0.02317964,2D,28
-0.28846002, 0.04874172,2D,28
 0.31186735,-0.00727224,2D,28
 0.42996592,-0.08562121,2D,28
-0.07016517,-0.00435236,2D,28
 0.28650045,-0.00287387,2D,28
 0.36467765,-0.06594847,2D,28
 0.37070973,-0.01099296,2D,28
 0.20927624,-0.01014295,2D,28
-0.07404272, 0.04102053,2D,28
-0.20950487, 0.03177667,2D,28
-0.14555916, 0.02009855,2D,28
 0.13395453,-0.00397318,2D,28
-0.21657089,-0.01209045,2D,28
 0.29735552,-0.11913908,2D,28
 0.00331060, 0.02998886,2D,28
-0.24252973, 0.07281129,2D,28
 0.17767985, 0.04366749,2D,28
-0.05100412,-0.02745297,2D,28
-0.13175350,-0.10530943,2D,28
-0.02965296, 0.02060686,2D,28
 0.10458755, 0.08572978,2D,28
 0.03035724, 0.07510729,2D,28
 0.19703047,-0.03933027,2D,28
-0.23071016, 0.16693121,2D,28
-0.02550836, 0.08499835,2D,28
-0.20703981, 0.09648053,2D,28
 0.40390454,-0.06168029,2D,28
 0.04264742, 0.08070285,2D,28
 0.15004092, 0.07460745,2D,28
-0.17041335, 0.17824682,2D,28
-0.12498707, 0.11988348,2D,28
 0.39682590,-0.07988291,2D,28
-0.01387117, 0.07717932,2D,28
 0.29912085,-0.00797093,2D,28
-0.05827890, 0.14129678,2D,28
 0.08809534, 0.10378910,2D,28
 0.23602590,-0.03912418,2D,28
-0.03079539,-0.00852520,2D,28
 0.04054367, 0.06339455,2D,28
 0.25945168, 0.00564928,40,28
 0.15645690, 0.03428324,40,28
 0.10794072, 0.13347827,40,28
 0.25425893, 0.14595847,40,28
 0.11040995, 0.18719582,40,28
 0.27202715, 0.07312297,40,28
 0.23502194, 0.13170918,40,28
 0.18270419, 0.11236520,40,28
 0.00312948, 0.17675095,40,28
-0.15734909, 0.12878567,40,28
 0.19417598, 0.05114237,40,28
 0.03890229, 0.10894136,40,28
-0.04734895, 0.15466929,40,28
 0.14688428, 0.13468028,40,28
 0.14123998, 0.10223297,40,28
 0.17751495, 0.17754287,40,28
 0.02238665, 0.17439505,40,28
 0.06487560, 0.09566971,40,28
 0.04607516, 0.08486397,40,28
-0.04470733, 0.17989137,40,28
 0.35182811, 0.09846824,40,28
 0.24266128, 0.12309969,40,28
-0.05202452, 0.18644123,40,28
 0.08459017, 0.16514975,40,28
 0.29295367,-0.01956498,40,28
 0.18567054, 0.05725703,40,28
-0.10328063, 0.18583396,40,28
 0.24245515, 0.01328703,40,28
 0.37002972, 0.00155730,40,28
-0.10251791, 0.19327553,40,28
 0.32728514,-0.02757935,40,28
-0.20894875, 0.09151744,40,28
 0.12935157, 0.15967700,40,28
 0.16776931, 0.07742228,40,28
 0.32322122,-0.02661251,40,28
 0.20973885, 0.04218714,40,28
 0.17687043, 0.08545787,40,28
 0.20391633, 0.07391862,40,28
-0.00653459, 0.10221243,40,28
 0.09915131, 0.14912090,40,28
-0.02506996, 0.20517902,40,28
 0.02517989, 0.20024595,40,28
-0.24292716, 0.15915722,40,28
-0.09154239, 0.20915587,40,28
-0.09914502, 0.19902637,40,28
 0.06419035, 0.10494189,40,28
-0.03977088, 0.12675554,40,28
-0.13139171, 0.23152937,40,28
 0.04446540, 0.18989037,40,28
 0.15701360, 0.12203261,40,28
 0.15276366, 0.04763936,40,28
 0.34330123, 0.00998150,40,28
 0.26606818, 0.05348569,40,28
 0.19650912, 0.08518398,40,28
 0.25492252, 0.00002373,40,28
 0.11366298, 0.06302964,40,28
 0.30525928, 0.00746839,40,28
 0.36307547,-0.00565658,40,28
 0.04616932, 0.17000773,40,28
 0.07628748, 0.15340627,40,28
 0.06059930, 0.15814113,40,28
-0.21662840, 0.08605102,40,28
 0.23787929, 0.07522311,40,28
 0.19273354, 0.10467954,40,28
 0.23709407, 0.07814422,40,28
 0.36200521, 0.06600520,40,28
 0.19779111, 0.06039518,40,28
 0.42575782, 0.00422019,40,28
 0.28257424, 0.09294212,40,28
 0.05761536, 0.09844399,40,28
 0.05968111, 0.13750723,40,28
 0.28702931, 0.08486127,40,28
 0.35290921, 0.08907604,40,28
 0.25676481, 0.08210504,40,28
 0.37078028, 0.01378044,40,28
 0.26930635, 0.07168993,40,28
 0.24899126, 0.03629668,40,28
-0.16302957, 0.07437148,40,28
-0.22286316, 0.01381127,40,28
-0.01181524, 0.13361944,40,28
-0.06124860, 0.20878565,40,28
 0.07526120, 0.19779884,40,28
 0.33251547, 0.05509758,40,28
 0.32274796, 0.04192949,40,28
 0.25518872, 0.01851447,AL,28
-0.14973647,-0.10994564,AL,28
 0.16555558, 0.00733854,AL,28
 0.23940178,-0.14428965,AL,28
-0.28269519, 0.00435426,AL,28
 0.39338059,-0.01905777,AL,28
-0.04100759,-0.12873112,AL,28
-0.27325468,-0.22426319,AL,28
-0.15546929,-0.17173438,AL,28
 0.02040346, 0.07467718,AL,28
-0.09591491,-0.09036383,AL,28
 0.09270833, 0.00021208,AL,28
 0.16468640, 0.05796915,AL,28
-0.21552431, 0.16155647,AL,28
-0.25567741,-0.01023443,AL,28
-0.33794396,-0.14475815,AL,28
-0.03270446, 0.19552689,AL,28
 0.24364239,-0.09189212,AL,28
 0.08219981, 0.00828320,AL,28
 0.12201937,-0.07266545,AL,28
-0.15985999,-0.06574711,AL,28
-0.26490015,-0.04495950,AL,28
 0.16087160,-0.16113853,AL,28
-0.27823279, 0.09563692,AL,28
 0.33126939,-0.05592769,AL,28
 0.15237771, 0.01337695,AL,28
-0.17443432,-0.02550667,AL,28
 0.22857639,-0.09602212,AL,28
-0.13208723,-0.17116341,AL,28
-0.30872077, 0.00979156,AL,28
-0.26482017, 0.03605385,AL,28
 0.30711295,-0.02508517,AL,28
-0.25138151, 0.01460979,AL,28
-0.02689441, 0.00336009,AL,28
 0.03074094, 0.06676769,AL,28
-0.04408136, 0.08595767,AL,28
 0.07983529, 0.04821765,AL,28
 0.14240879, 0.02159298,AL,28
-0.27598345,-0.02907553,AL,28
-0.01162597,-0.01966617,AL,28
-0.34801682,-0.01557755,AL,28
-0.27395855, 0.02062016,AL,28
 0.13171187,-0.00495531,AL,28
-0.35960765,-0.11808973,AL,28
 0.12409536, 0.01422477,AL,28
 0.31780118,-0.06571505,AL,28
-0.29396991,-0.07038039,AL,28
-0.14829179,-0.04584264,AL,28
 0.31803565,-0.04941382,AL,28
 0.12533406,-0.02606198,AL,28
 0.28933498,-0.02108908,AL,28
 0.05062535,-0.07916676,AL,28
-0.18439395, 0.13266975,AL,28
-0.26391995,-0.04028391,AL,28
 0.15485630, 0.06557851,AL,28
 0.42894332,-0.05715767,1D,22
-0.31282093, 0.09580869,1D,22
-0.16879791, 0.03351465,1D,22
-0.33447813,-0.04387229,1D,22
 0.09883031,-0.03973563,1D,22
-0.17700346, 0.12148467,1D,22
 0.09603914,-0.02692743,1D,22
-0.33115531,-0.13542200,1D,22
 0.26246927,-0.00534299,1D,22
-0.10827787,-0.08321524,1D,22
 0.30591087,-0.06632131,1D,22
 0.39570567,-0.07946395,1D,22
 0.31078379,-0.05783849,1D,22
-0.11001810,-0.07631381,1D,22
-0.25437004,-0.09198460,1D,22
 0.17977527,-0.03214323,1D,22
-0.25453940,-0.01862178,1D,22
-0.11737369, 0.09016038,1D,22
-0.29216990,-0.02782574,1D,22
-0.26422242,-0.01787791,1D,22
-0.26089367,-0.01833076,1D,22
 0.17547876,-0.06201976,1D,22
 0.12273880,-0.14424089,1D,22
-0.04603690,-0.00246036,1D,22
 0.14600017, 0.01084858,1D,22
-0.24621334, 0.08766040,1D,22
-0.10709265,-0.03744110,1D,22
 0.04948773, 0.08856473,1D,22
-0.14455499, 0.05814057,1D,22
-0.26380334,-0.02158330,1D,22
 0.08390584, 0.00706727,1D,22
-0.16134376,-0.13723712,1D,22
 0.05402375,-0.04992196,1D,22
-0.22314327,-0.00749505,1D,22
 0.01163753,-0.05793169,1D,22
-0.10341937, 0.07466640,1D,22
 0.24719099,-0.02011723,1D,22
 0.18488760,-0.04193725,1D,22
 0.07854906,-0.00089449,1D,22
 0.17227438, 0.02662330,1D,22
-0.11828026,-0.12377146,1D,22
-0.04336620,-0.05509841,1D,22
-0.21209426,-0.17664381,1D,22
-0.13575733,-0.14628155,1D,22
 0.20986504,-0.07641446,1D,22
 0.33745186,-0.08194075,1D,22
-0.12907974,-0.01057963,1D,22
 0.19090644,-0.08755583,1D,22
 0.08031041, 0.02571964,1D,22
 0.08286907, 0.03284642,1D,22
 0.00309667,-0.03931076,1D,22
-0.20936739,-0.03748450,1D,22
-0.30115867,-0.07290240,1D,22
 0.02963604,-0.12684380,1D,22
-0.24808012,-0.22985933,1D,22
-0.14332646,-0.15449642,1D,22
-0.03101554, 0.04761287,1D,22
-0.11469213, 0.02433468,1D,22
 0.32897695,-0.08662143,1D,22
 0.23955227,-0.07600864,1D,22
 0.09877120,-0.00166360,1D,22
-0.14286245,-0.03327086,1D,22
-0.13537369, 0.12814274,1D,22
-0.17470966, 0.03625564,1D,22
 0.07906941, 0.00169731,1D,22
-0.23617144, 0.15084009,1D,22
-0.07451836, 0.07254758,1D,22
-0.17066930, 0.03377713,1D,22
 0.07619198, 0.06458491,1D,22
 0.26032753,-0.07063798,1D,22
 0.40457356, 0.01384896,1D,22
 0.32142398,-0.07017203,1D,22
-0.06027030, 0.03374747,1D,22
-0.23335056,-0.13059899,1D,22
 0.27116862,-0.00140050,1D,22
 0.21459238,-0.00987549,1D,22
-0.02019291, 0.08989375,1D,22
-0.15091740,-0.00465120,1D,22
-0.10466112,-0.06651469,1D,22
 0.13468039,-0.01470312,1D,22
-0.24980427,-0.09253589,1D,22
-0.08166323, 0.06334512,1D,22
 0.02126399, 0.06077567,1D,22
-0.16165614, 0.09919714,1D,22
 0.06211396, 0.02078313,1D,22
-0.07633077, 0.00407695,1D,22
 0.13454049,-0.05980818,1D,22
-0.27874394,-0.01813258,1D,22
-0.18668934, 0.03609202,1D,22
-0.19008045,-0.01765957,1D,22
-0.13547488, 0.09778306,1D,22
-0.15834691, 0.05804112,1D,22
 0.14541157, 0.00085470,1D,22
 0.17967314,-0.03771029,1D,22
-0.34489145, 0.02406434,1D,22
-0.04987313, 0.00211673,1D,22
 0.17534761, 0.01043512,1D,22
 0.02159865, 0.05813290,1D,22
-0.21660012, 0.07205295,1D,22
-0.01041753,-0.04339856,1D,22
 0.07657171, 0.07358942,1D,22
-0.19619376,-0.05548581,1D,22
 0.13022817, 0.04431541,1D,22
 0.14197375, 0.09518523,1D,22
 0.09428290, 0.09333985,20,22
-0.26616670, 0.07032047,20,22
 0.09215497, 0.11227977,20,22
 0.00700926,-0.03202154,20,22
-0.05080308, 0.04155664,20,22
 0.17347257, 0.11478908,20,22
 0.16674282,-0.00791883,20,22
-0.05468035,-0.08439976,20,22
 0.09302227, 0.04939971,20,22
-0.15326816,-0.11222515,20,22
 0.05175222,-0.02740471,20,22
 0.23773612,-0.08233393,20,22
-0.06731749,-0.02975029,20,22
 0.01857914,-0.20720695,20,22
-0.21249974,-0.01403518,20,22
 0.11138568,-0.08929556,20,22
-0.23913137,-0.05161820,20,22
 0.15688026,-0.21416567,20,22
 0.02428751,-0.14418234,20,22
-0.12822475, 0.16985837,20,22
 0.15747737,-0.04247330,20,22
-0.10066774, 0.03605093,20,22
 0.04773164, 0.03212965,20,22
 0.17877758, 0.01946827,20,22
 0.19411427,-0.07110622,20,22
 0.27865626,-0.00254296,20,22
-0.10351611, 0.07361998,20,22
-0.14892986, 0.07998706,20,22
-0.08762558, 0.12637566,20,22
-0.26656087,-0.16833229,20,22
 0.17070471,-0.03102758,20,22
 0.19851587,-0.15424365,20,22
 0.31312204,-0.05219114,20,22
 0.11364013,-0.12409419,20,22
 0.07840452,-0.04870230,20,22
-0.09033540, 0.00267502,20,22
 0.36034266, 0.00495678,20,22
 0.35080160,-0.12147674,20,22
 0.31468117,-0.01154877,20,22
-0.23376572,-0.02900178,20,22
 0.24094913,-0.09275409,20,22
-0.00625374,-0.03378106,20,22
-0.11749167,-0.05186053,20,22
 0.12306869,-0.00672927,20,22
-0.22824401, 0.07346673,20,22
-0.01416852,-0.16299972,20,22
 0.04658652, 0.03759733,20,22
-0.18585715, 0.09010727,20,22
 0.07740340, 0.07342043,20,22
-0.07003086,-0.12153828,20,22
 0.28396029,-0.00332564,20,22
 0.12267289,-0.03307159,20,22
 0.05995033, 0.04770059,20,22
-0.02208136, 0.04134063,20,22
 0.20375202,-0.24050871,20,22
 0.26967825,-0.08388312,20,22
 0.02092582,-0.11401366,20,22
-0.19823551, 0.05437522,20,22
 0.12235810, 0.05861450,20,22
 0.26801630,-0.05872365,20,22
 0.14153304, 0.03271368,20,22
 0.31232297,-0.00297878,20,22
 0.40911023,-0.01661211,20,22
 0.17685352, 0.05874805,20,22
 0.10748080, 0.08419906,20,22
 0.13414498, 0.07913887,20,22
-0.17415516, 0.07321383,20,22
 0.08348483, 0.03802326,20,22
 0.25422174,-0.01109001,20,22
 0.09397360,-0.03575477,20,22
 0.24096251,-0.02408742,20,22
-0.07053051, 0.04705070,20,22
-0.26856885, 0.01657857,20,22
 0.02651597,-0.03600738,20,22
-0.22290210, 0.07963435,20,22
-0.26411409, 0.02621600,20,22
 0.30573676,-0.02251370,20,22
 0.42731078,-0.05516387,20,22
-0.17124587, 0.01354287,20,22
-0.05516717, 0.02513158,20,22
 0.01580781, 0.04315377,20,22
 0.04918395, 0.06379647,20,22
 0.19818128, 0.05037968,20,22
 0.32497241,-0.02830304,20,22
 0.02861377, 0.08418858,20,22
 0.06720121, 0.15017444,20,22
 0.01177993, 0.11461327,20,22
-0.18757222, 0.08529118,20,22
-0.20848259, 0.04607602,20,22
 0.03178059,-0.00503558,20,22
 0.05201037,-0.08444977,20,22
 0.00121703,-0.02795425,20,22
-0.10310147, 0.06236232,20,22
 0.03545157, 0.01410228,20,22
 0.11393810,-0.11331445,20,22
 0.23965420,-0.02486793,20,22
 0.02374389, 0.05367168,20,22
 0.23407782, 0.01537323,20,22
 0.09084423, 0.00919404,20,22
 0.00393016, 0.10751623,20,22
 0.30122750, 0.08036041,20,22
 0.36056013,-0.03847390,20,22
 0.31370964, 0.02057073,20,22
 0.32396294,-0.02533944,20,22
 0.21720351, 0.06018797,20,22
 0.11288441, 0.12920472,20,22
 0.13297436, 0.07733288,20,22
 0.02897169,-0.09030972,2D,22
-0.20165434, 0.04377511,2D,22
 0.12182601, 0.01103196,2D,22
 0.43291219,-0.05604482,2D,22
 0.25666559, 0.04951811,2D,22
 0.36484987,-0.03132841,2D,22
 0.13833760,-0.01733506,2D,22
-0.19396558, 0.02770257,2D,22
 0.27681078,-0.02849820,2D,22
 0.19861359, 0.00422400,2D,22
-0.21175804,-0.02610460,2D,22
 0.15178705, 0.00847794,2D,22
 0.30834381,-0.04278938,2D,22
 0.02658753, 0.03816310,2D,22
 0.14731384,-0.01612053,2D,22
 0.19776191,-0.10687237,2D,22
 0.36291713,-0.05669439,2D,22
-0.11503377, 0.16046453,2D,22
-0.22052899,-0.06598220,2D,22
 0.41970488,-0.08398398,2D,22
-0.12399272, 0.09412272,2D,22
 0.01460345, 0.13695692,2D,22
-0.22188686, 0.06730573,2D,22
-0.31219151, 0.00932939,2D,22
 0.21999929, 0.00920379,2D,22
 0.15060079,-0.10250112,2D,22
 0.02155160, 0.05617565,2D,22
 0.08829237, 0.04280788,2D,22
-0.05966503,-0.08894496,2D,22
 0.15870860,-0.11902178,2D,22
-0.20291551,-0.02542132,2D,22
-0.03348911, 0.01904401,2D,22
 0.08079831,-0.02443731,2D,22
 0.26235223, 0.02243668,2D,22
-0.07832263, 0.10229591,2D,22
-0.29518298, 0.08815355,2D,22
-0.06498626, 0.01730207,2D,22
 0.03690240,-0.00270654,2D,22
-0.02814627, 0.03618414,2D,22
-0.07522253, 0.08465313,2D,22
-0.01780770, 0.02080734,2D,22
-0.28875746, 0.00746257,2D,22
 0.39508371,-0.07737954,2D,22
-0.18775305, 0.02561802,2D,22
 0.20246811, 0.00658460,2D,22
 0.17879077, 0.02936629,2D,22
-0.11949399,-0.16967196,2D,22
-0.02446203, 0.15704730,2D,22
 0.06058329,-0.04488129,2D,22
 0.30093400,-0.04752158,2D,22
-0.10376131, 0.15333382,2D,22
 0.34238115, 0.00184738,2D,22
 0.50405931,-0.07923629,2D,22
 0.15487381, 0.04132278,2D,22
 0.14716494, 0.01407357,2D,22
 0.24383039,-0.06098874,2D,22
-0.14583293, 0.03921315,2D,22
-0.03769044, 0.01625935,2D,22
 0.18015896,-0.07278447,2D,22
-0.02571499,-0.02524149,2D,22
-0.24483013,-0.11016184,2D,22
 0.24595091, 0.01095255,2D,22
-0.05990722, 0.06251030,2D,22
-0.14587738, 0.07342619,2D,22
-0.19465310, 0.18056221,2D,22
 0.10132589, 0.08153397,2D,22
 0.32976558,-0.00586374,2D,22
-0.04740572, 0.06534945,2D,22
 0.19169677,-0.00215834,2D,22
 0.00347559, 0.00546674,2D,22
 0.34339787,-0.05351019,2D,22
 0.21965915,-0.01133280,2D,22
 0.00349799, 0.08686519,2D,22
-0.16432039,-0.02264739,2D,22
 0.41334672,-0.08269055,2D,22
 0.08599793,-0.01151635,2D,22
-0.02856897, 0.07879450,2D,22
 0.30198987,-0.08441234,2D,22
 0.16129164,-0.04451521,2D,22
 0.03854335, 0.06315299,2D,22
-0.12568276, 0.06507692,2D,22
 0.18574466, 0.04916236,2D,22
 0.29492263,-0.01924859,2D,22
-0.22025877,-0.02109759,2D,22
 0.28392738,-0.02225717,2D,22
-0.11373295, 0.00200017,2D,22
 0.14369936, 0.01533900,2D,22
 0.34747623,-0.01622901,2D,22
 0.12578330, 0.06007298,2D,22
-0.05262654, 0.10616960,2D,22
-0.21068472,-0.04499537,2D,22
 0.24999354,-0.02693072,2D,22
-0.07386157, 0.08458111,2D,22
 0.17995440,-0.04802196,2D,22
-0.10051314,-0.05151409,2D,22
 0.25923516,-0.04693046,2D,22
-0.16233019, 0.06719562,2D,22
-0.34426385,-0.01600042,2D,22
-0.13389856, 0.03520682,2D,22
-0.26704192,-0.02337752,2D,22
 0.03805115, 0.05187500,2D,22
 0.21240617,-0.03465486,2D,22
 0.13627001,-0.01320341,2D,22
 0.14660505, 0.01439898,2D,22
-0.13031924,-0.13457248,2D,22
-0.30248994, 0.07199047,2D,22
 0.10518802, 0.04832137,2D,22
-0.10049704,-0.11365632,2D,22
-0.26012843, 0.01643927,2D,22
 0.07385781, 0.13698646,40,22
-0.01948509, 0.09506350,40,22
 0.09203114, 0.22598798,40,22
 0.09103392, 0.04140223,40,22
 0.11136016, 0.16520555,40,22
-0.03674291, 0.18794402,40,22
 0.21076168, 0.15537727,40,22
 0.13828172, 0.02906998,40,22
-0.08081440,-0.01163642,40,22
 0.19326649, 0.07987746,40,22
 0.20507382, 0.05445817,40,22
-0.10666582, 0.21022779,40,22
 0.05132970, 0.06525262,40,22
 0.05269557, 0.06439291,40,22
 0.07833912, 0.12104950,40,22
 0.26745340, 0.07080951,40,22
-0.17072105, 0.08261026,40,22
-0.08968921, 0.01411647,40,22
 0.12572039, 0.06209285,40,22
 0.11142421, 0.11421613,40,22
 0.11434646,-0.03567626,40,22
-0.02976471, 0.10385649,40,22
 0.00855995, 0.14806878,40,22
 0.23235365, 0.12032433,40,22
 0.31171806,-0.00532337,40,22
-0.01676677, 0.13931209,40,22
 0.09022803, 0.21312163,40,22
 0.06053229, 0.15649930,40,22
 0.12028650, 0.20223209,40,22
-0.00283348, 0.18869766,40,22
 0.26221444, 0.01029714,40,22
 0.15273586, 0.12460395,40,22
 0.00373555, 0.18418591,40,22
 0.27409700, 0.04561667,40,22
-0.03745390, 0.19052962,40,22
 0.21682113, 0.01524414,40,22
-0.16118939, 0.03111736,40,22
 0.24513908,-0.01983469,40,22
 0.27412552, 0.00726098,40,22
-0.00935831, 0.07669806,40,22
-0.04156824, 0.15951065,40,22
 0.11817883, 0.11433166,40,22
 0.08300859, 0.12257622,40,22
 0.13600320, 0.11368673,40,22
 0.19312504, 0.10535952,40,22
 0.03307428, 0.14075068,40,22
 0.11157481,-0.00256921,40,22
 0.42869925,-0.05247053,40,22
 0.14475149, 0.10994616,40,22
 0.33112547, 0.01658051,40,22
 0.14145529, 0.04363928,40,22
 0.32854568,-0.05496866,40,22
 0.09316884, 0.10974424,40,22
 0.09349255, 0.14751256,40,22
 0.16931046,-0.16767852,40,22
 0.18585045, 0.06284938,40,22
-0.00391408, 0.17025646,40,22
 0.23231042, 0.10653407,40,22
 0.20566531, 0.08088093,40,22
 0.15706119, 0.12603727,40,22
-0.01537378, 0.18119730,40,22
 0.18656821, 0.07937492,40,22
 0.06590444, 0.10217114,40,22
-0.16025492, 0.05696354,40,22
-0.15146580, 0.11943375,40,22
 0.36529589,-0.00745284,40,22
 0.28009130, 0.02457568,40,22
 0.31173808, 0.01091945,40,22
 0.30708831, 0.06088437,40,22
 0.41857792, 0.02375449,40,22
 0.02878784, 0.18320649,40,22
-0.04284963, 0.19224314,40,22
-0.15834211, 0.20279654,40,22
-0.14785947, 0.16241102,40,22
 0.38344024,-0.03326795,40,22
 0.27616631, 0.06510326,40,22
 0.36909223,-0.03002717,40,22
 0.08976511,-0.05675602,40,22
-0.12020438, 0.08555554,40,22
 0.32782483, 0.06192624,40,22
 0.23221071, 0.05820178,40,22
 0.40907820,-0.01634085,40,22
 0.24741814, 0.10851195,40,22
 0.33789440, 0.02781418,40,22
 0.32969675,-0.02122056,40,22
 0.09213620, 0.09689324,40,22
 0.13336734, 0.06407202,40,22
 0.15739465,-0.03912358,40,22
 0.28575039,-0.00493137,40,22
 0.14680845, 0.07275829,40,22
 0.05306330, 0.27264883,40,22
 0.05664432, 0.12573857,40,22
 0.09724086, 0.03686554,40,22
 0.22371012, 0.07478957,40,22
 0.38335285,-0.00323384,40,22
 0.39711170,-0.05570307,40,22
 0.35956752, 0.01707805,40,22
 0.37782687,-0.00223823,40,22
-0.25669352,-0.05772420,AL,22
-0.02576830,-0.04874954,AL,22
-0.26347821,-0.03392619,AL,22
 0.07445202, 0.01953409,AL,22
 0.24405052,-0.09949241,AL,22
 0.19798574,-0.05548486,AL,22
-0.16850982,-0.00109720,AL,22
 0.01134251, 0.05933810,AL,22
-0.05738746, 0.04558409,AL,22
 0.16728214,-0.09939688,AL,22
-0.29343778, 0.00568588,AL,22
 0.35766859,-0.00004979,AL,22
 0.12580849,-0.00978850,AL,22
-0.26298226,-0.18828800,AL,22
-0.23804353,-0.23274376,AL,22
-0.10821854, 0.01981873,AL,22
 0.05333692,-0.07999117,AL,22
-0.04311726,-0.06227810,AL,22
-0.15840044,-0.01195900,AL,22
 0.18726065,-0.06660742,AL,22
-0.16294915,-0.01590384,AL,22
-0.29760815,-0.13885260,AL,22
 0.08405491,-0.13626755,AL,22
-0.20048924, 0.03842044,AL,22
 0.08484524, 0.03107490,AL,22
 0.05346684, 0.03360846,AL,22
-0.22703522,-0.02781332,AL,22
-0.31790405,-0.18426497,AL,22
-0.09714808,-0.19337850,AL,22
-0.02388884,-0.22403060,AL,22
 0.25086754,-0.10865316,AL,22
 0.18025344,-0.05357599,AL,22
-0.30456106,-0.14962098,AL,22
-0.19892548,-0.01945933,AL,22
-0.07419708, 0.21265638,AL,22
-0.23890717,-0.14353762,AL,22
-0.14744996, 0.09074940,AL,22
-0.11624614,-0.01872829,AL,22
-0.25467439, 0.00889057,AL,22
 0.06544564,-0.23116237,AL,22
-0.23692034, 0.08730201,AL,22
-0.16323132, 0.14903865,AL,22
 0.06064738,-0.18384514,AL,22
-0.29280994,-0.01063693,AL,22
-0.31680605,-0.10596799,AL,22
 0.24322515,-0.06549959,AL,22
-0.30087682,-0.19081423,AL,22
-0.08620731,-0.18222577,AL,22
 0.22915397,-0.14104086,AL,22
-0.22341225,-0.11428717,AL,22
-0.15642693,-0.02799979,AL,22
 0.20078975, 0.00066082,AL,22
-0.23264748,-0.07627373,AL,22
-0.07710819,-0.07245584,AL,22
-0.30482039,-0.00387744,AL,22
 0.17791060,-0.12514761,AL,22
 0.01950567, 0.09910408,AL,22
-0.00318721,-0.11650016,AL,22
-0.08929522, 0.02373998,AL,22
 0.25629109,-0.08615665,AL,22
-0.17090779,-0.03363262,AL,22
 0.23088550,-0.02832775,AL,22
 0.14425695,-0.00347359,AL,22
 0.22668589,-0.08439406,AL,22
-0.23348595,-0.08557741,AL,22
-0.28932604, 0.01413119,AL,22
-0.13454847,-0.05336112,AL,22
-0.12639811, 0.04465102,AL,22
-0.30359993,-0.06698848,AL,22
 0.18025785,-0.03035790,AL,22
-0.14054577, 0.08925685,AL,22
 0.24391606,-0.05292733,AL,22
-0.27985276, 0.07567270,AL,22
-0.00985885, 0.07722793,AL,22
 0.09500169, 0.04081783,AL,22
-0.18286887, 0.03780408,AL,22
-0.01589026, 0.02158452,AL,22
-0.04810673,-0.00811156,AL,22
-0.26976391,-0.00183840,AL,22
-0.27772422, 0.13451812,AL,22
 0.39819972,-0.07184372,AL,22
-0.12389923, 0.13097462,AL,22
-0.16609554, 0.01430359,AL,22
-0.26834103,-0.08292589,AL,22
-0.28986721,-0.03617543,AL,22
-0.31943960,-0.01047759,AL,22
-0.14306469,-0.01365015,AL,22
-0.23252893,-0.01859474,AL,22
-0.29525871,-0.02032075,AL,22
-0.15331466, 0.02915357,AL,22
-0.03106411,-0.06961997,AL,22
-0.00109020, 0.09139139,AL,22
 0.05430400, 0.02936195,AL,22
-0.23924265, 0.11660818,AL,22
-0.14415812, 0.05339244,AL,22
-0.28762324,-0.02027896,AL,22
-0.14402885, 0.16560290,AL,22
-0.27539881, 0.04061927,AL,22
-0.00220975, 0.17928447,AL,22
-0.16403119,-0.02188401,AL,22
 0.09463856,-0.00786750,AL,22
-0.18464169,-0.06665252,AL,22
 0.03178142,-0.12645273,AL,22
-0.28293141,-0.03926184,AL,22
 0.34811935,-0.02914762,1D,16
-0.17910839, 0.15246263,1D,16
-0.30391584, 0.03506478,1D,16
-0.02956160, 0.11126929,1D,16
-0.01384514,-0.16582395,1D,16
 0.00292842, 0.10284507,1D,16
-0.04835731,-0.04275681,1D,16
-0.31350871,-0.04372893,1D,16
-0.07387882, 0.01080458,1D,16
-0.21562907, 0.08102207,1D,16
-0.12170595, 0.17470440,1D,16
 0.26573659,-0.09027421,1D,16
-0.09813751,-0.07179717,1D,16
 0.07608885,-0.02794706,1D,16
 0.17670633, 0.00656553,1D,16
 0.01185259, 0.01090736,1D,16
 0.03063110,-0.15871276,1D,16
 0.04163570, 0.03680696,1D,16
 0.13024778,-0.06277766,1D,16
-0.13521756,-0.02541110,1D,16
-0.03389303,-0.05728866,1D,16
-0.05009600, 0.01249667,1D,16
 0.09570693, 0.05866291,1D,16
 0.07106565, 0.03513615,1D,16
 0.14996634,-0.06226225,1D,16
 0.01473600, 0.06665183,1D,16
-0.33165051, 0.03869769,1D,16
-0.25491514, 0.09459861,1D,16
 0.14184970,-0.04289983,1D,16
 0.00862371,-0.07045304,1D,16
-0.26959404, 0.02937101,1D,16
-0.22708921,-0.05487793,1D,16
-0.12617586, 0.14756538,1D,16
-0.14205328,-0.09521880,1D,16
-0.14780157,-0.05391711,1D,16
 0.06670480,-0.07353703,1D,16
 0.09231911,-0.07811396,1D,16
 0.35568881,-0.15126606,1D,16
-0.24980513,-0.05457765,1D,16
-0.01194294, 0.00550496,1D,16
 0.34064301,-0.06844633,1D,16
-0.16797842, 0.11072287,1D,16
 0.22569485,-0.01620179,1D,16
 0.07620399, 0.06058169,1D,16
-0.19795890,-0.09676077,1D,16
-0.01993127, 0.14905884,1D,16
-0.16953838,-0.02219254,1D,16
 0.04173099,-0.00324703,1D,16
 0.01757055,-0.00565900,1D,16
-0.00771374, 0.01027223,1D,16
-0.00174445,-0.07504702,1D,16
 0.07672455,-0.13955253,1D,16
 0.19535710,-0.04533850,1D,16
 0.25393618,-0.08757845,1D,16
 0.14964986, 0.01429707,1D,16
 0.07599630, 0.02850536,1D,16
 0.21447444,-0.06564832,1D,16
 0.00678318, 0.05118184,1D,16
-0.17786290,-0.09797968,1D,16
 0.08751056, 0.01506834,1D,16
 0.10705055, 0.01726884,1D,16
-0.04294440,-0.04977863,1D,16
 0.09751150, 0.05739317,1D,16
-0.23341285,-0.01858160,1D,16
 0.17419075, 0.00533056,1D,16
 0.22746808,-0.03675859,1D,16
-0.25762602, 0.18110671,1D,16
-0.12306983,-0.04518714,1D,16
 0.34013893,-0.05083328,1D,16
-0.09837591,-0.03510726,1D,16
-0.13176259,-0.01152361,1D,16
-0.25392776, 0.00447742,1D,16
 0.21687305,-0.03216841,1D,16
 0.09812071, 0.01170473,1D,16
-0.26161505, 0.02684949,1D,16
 0.08588811, 0.00171156,1D,16
 0.30709448,-0.02895377,1D,16
 0.09620872, 0.05447081,1D,16
 0.44272858,-0.02391662,1D,16
 0.01067980, 0.07485728,1D,16
 0.01468933,-0.17782682,1D,16
 0.33894238, 0.03338349,1D,16
 0.29519790,-0.17087493,1D,16
 0.23630065,-0.00450398,1D,16
-0.06951494,-0.13929046,1D,16
-0.08920722, 0.20549194,1D,16
-0.19054863,-0.02085332,1D,16
 0.29035601, 0.03158292,1D,16
 0.03966756,-0.02258800,1D,16
 0.11525776,-0.02381355,1D,16
-0.10194100,-0.17292622,1D,16
-0.00342720, 0.02280261,1D,16
 0.17231977, 0.03524790,1D,16
 0.17208467, 0.03304820,1D,16
 0.02578462,-0.05930011,1D,16
-0.21112477, 0.05403876,1D,16
-0.14593762, 0.05453971,1D,16
-0.28739368,-0.08896830,1D,16
-0.29436814, 0.02649369,1D,16
 0.17678794,-0.05587764,1D,16
 0.14012705,-0.01761442,1D,16
-0.03242494, 0.01070243,1D,16
-0.03428620,-0.02234142,1D,16
-0.20756864,-0.02301726,1D,16
 0.17946350,-0.05572029,1D,16
 0.09258470,-0.06359418,1D,16
-0.29523117,-0.01289323,1D,16
-0.07422418,-0.06938666,1D,16
 0.27180351,-0.03926345,1D,16
 0.00374208, 0.01488958,1D,16
 0.08650283,-0.01651371,1D,16
 0.32078746,-0.00613669,1D,16
 0.18407621, 0.02805426,1D,16
-0.05882367, 0.02507487,1D,16
-0.19730662, 0.01134755,1D,16
-0.04833263, 0.02950599,1D,16
-0.05861116, 0.01914370,1D,16
-0.12257981, 0.08972978,1D,16
-0.04204873,-0.04548897,1D,16
-0.23804266,-0.01612900,1D,16
 0.10739003,-0.03762407,1D,16
 0.09119599, 0.07987685,1D,16
 0.10473105,-0.06502887,1D,16
 0.03332626, 0.01955514,1D,16
 0.21785009, 0.02605647,1D,16
 0.07520327,-0.05660823,1D,16
 0.18891957,-0.09787977,1D,16
 0.30820592,-0.03002476,1D,16
 0.31060915,-0.02231280,1D,16
 0.20822255, 0.01923701,1D,16
 0.10323505, 0.04295238,1D,16
 0.39490621,-0.01945148,20,16
-0.23600375, 0.14310168,20,16
 0.12304013, 0.05867855,20,16
 0.14419852,-0.05974399,20,16
 0.31235001,-0.04113805,20,16
 0.00362509, 0.10738008,20,16
-0.11114242,-0.05613082,20,16
 0.08591948, 0.08788667,20,16
-0.03671375,-0.14951021,20,16
-0.21962314, 0.05280968,20,16
-0.23805462, 0.07339842,20,16
-0.25362038, 0.01928382,20,16
 0.01615463,-0.01725500,20,16
 0.01576805, 0.01361190,20,16
-0.01126565,-0.09495802,20,16
-0.15322848, 0.05179966,20,16
-0.26272601,-0.16300667,20,16
 0.20109497,-0.11288230,20,16
 0.12556512,-0.06672601,20,16
 0.27966953,-0.09699429,20,16
-0.03919590,-0.07963058,20,16
-0.06233343, 0.09948509,20,16
-0.16191502,-0.00015423,20,16
 0.31758448,-0.08993998,20,16
-0.06458117, 0.00655372,20,16
 0.00950372, 0.12272731,20,16
-0.06143482, 0.13539538,20,16
 0.39569600,-0.03492086,20,16
 0.16976461, 0.06374271,20,16
 0.00355511, 0.05504825,20,16
 0.22059142,-0.06302850,20,16
 0.21528727, 0.02883963,20,16
 0.01686978,-0.13806456,20,16
 0.30928308,-0.06686812,20,16
 0.00119853, 0.06426797,20,16
-0.30070344,-0.04016191,20,16
-0.22160375, 0.04002535,20,16
-0.03512125,-0.05238091,20,16
 0.18610411, 0.01021055,20,16
-0.13232843,-0.06473418,20,16
 0.02545131, 0.09935159,20,16
-0.01725885, 0.10697585,20,16
 0.14998148, 0.02080158,20,16
 0.01965373, 0.09165203,20,16
 0.08368294, 0.05671156,20,16
 0.00980833,-0.03214938,20,16
 0.13602614,-0.03441470,20,16
 0.05210328,-0.02665814,20,16
 0.07557625, 0.05493601,20,16
-0.11618219,-0.01319964,20,16
 0.26521985,-0.09158805,20,16
-0.21464313, 0.09647926,20,16
 0.15295353,-0.05523833,20,16
 0.18174908,-0.05982918,20,16
-0.06490172,-0.01439494,20,16
 0.28668226,-0.09423570,20,16
-0.14769018, 0.02247942,20,16
 0.13191929, 0.01527803,20,16
 0.18000325, 0.03889348,20,16
 0.25287358,-0.04630194,20,16
 0.04487519,-0.12725249,20,16
-0.02087352,-0.00808836,20,16
 0.11697231, 0.02808339,20,16
 0.03239830, 0.07593615,20,16
-0.01340991,-0.02126097,20,16
 0.02245088,-0.00266740,20,16
-0.23163771,-0.12399210,20,16
-0.02689179, 0.15864810,20,16
 0.26594438,-0.01755338,20,16
 0.08975856, 0.05372362,20,16
 0.19682953, 0.00723470,20,16
 0.13194663, 0.08455765,20,16
 0.23864195, 0.03345173,20,16
-0.09238652, 0.17680488,20,16
 0.00036939, 0.08672976,20,16
 0.36190729,-0.04560592,20,16
-0.06907947, 0.00684398,20,16
 0.26069811,-0.03373558,20,16
 0.17074819, 0.01203668,20,16
 0.08459365, 0.03519478,20,16
 0.24808973,-0.02910816,20,16
-0.02292168, 0.22658108,20,16
 0.11484926,-0.02966282,20,16
-0.20193374, 0.01519788,20,16
-0.12199542, 0.03212226,20,16
 0.35947565, 0.00227456,20,16
-0.05781528,-0.04728805,20,16
 0.08730580, 0.06847376,20,16
-0.02188183, 0.13873245,20,16
 0.04406205, 0.09568281,20,16
 0.04753833, 0.05449985,20,16
 0.30515108,-0.01220586,20,16
-0.06880287, 0.08391334,20,16
 0.18574244, 0.00613058,20,16
 0.07848625,-0.06017314,20,16
-0.07427853, 0.08628882,20,16
-0.05513270, 0.02443177,20,16
-0.23323514,-0.01453776,20,16
 0.09431856, 0.05931224,20,16
 0.29657160,-0.06353444,20,16
 0.08434671, 0.04363630,20,16
 0.03884391,-0.13460159,20,16
 0.21527307, 0.02627009,20,16
 0.29714653,-0.00059841,20,16
 0.11301221, 0.00085371,20,16
 0.01125510, 0.08368609,20,16
 0.08258841,-0.00298746,20,16
-0.17450766, 0.03364755,20,16
 0.29721241,-0.01534593,20,16
-0.09500813, 0.06975382,20,16
 0.14256405, 0.07937391,20,16
 0.33171698, 0.01524478,20,16
 0.25227806, 0.07650683,20,16
 0.14077088, 0.13334132,20,16
 0.24716113, 0.08508132,20,16
 0.26243073, 0.08849329,20,16
 0.02323123,-0.02428081,2D,16
 0.37554606,-0.07883782,2D,16
-0.28227675,-0.04504491,2D,16
 0.08499477, 0.00329843,2D,16
 0.00059013, 0.01821478,2D,16
 0.31080890,-0.00298225,2D,16
 0.21415748,-0.08103749,2D,16
 0.32082931,-0.05067267,2D,16
-0.26884308, 0.20490080,2D,16
 0.17129006,-0.03996816,2D,16
-0.16754519,-0.07137114,2D,16
 0.22316918,-0.02706688,2D,16
-0.03488716, 0.01572580,2D,16
 0.05602383,-0.02935004,2D,16
 0.14079216,-0.00520929,2D,16
 0.10254209, 0.06688308,2D,16
 0.15564332,-0.17357404,2D,16
 0.31005903,-0.04136911,2D,16
 0.06464533, 0.00205430,2D,16
 0.27461756,-0.06238588,2D,16
 0.23786775,-0.04225836,2D,16
-0.23658272, 0.11783631,2D,16
 0.17276420, 0.02400152,2D,16
-0.01051688,-0.15464380,2D,16
 0.26046609,-0.10416774,2D,16
 0.18264923,-0.09007141,2D,16
-0.02150065,-0.03690874,2D,16
-0.27601289, 0.04519645,2D,16
 0.00340339, 0.07417804,2D,16
 0.06595279, 0.02827896,2D,16
 0.06797985, 0.03349830,2D,16
-0.08436801, 0.03284385,2D,16
-0.26187627,-0.01233497,2D,16
 0.24480367,-0.02507898,2D,16
-0.26750802, 0.15674767,2D,16
 0.17951974, 0.03181359,2D,16
 0.11899910, 0.04910113,2D,16
-0.18582145, 0.17233043,2D,16
-0.20373458, 0.13361163,2D,16
-0.16467325, 0.06160181,2D,16
 0.15571059,-0.09802823,2D,16
-0.05237537,-0.00047595,2D,16
-0.06376692, 0.11356648,2D,16
 0.39164345,-0.04746226,2D,16
-0.20851243,-0.00876001,2D,16
 0.18105107, 0.04004648,2D,16
-0.33605172, 0.01577202,2D,16
-0.13933542, 0.19279957,2D,16
 0.07716603,-0.06968788,2D,16
 0.11078763, 0.05818798,2D,16
 0.15335090, 0.01675301,2D,16
-0.24663500,-0.01317263,2D,16
-0.18948173, 0.13275177,2D,16
-0.14445702,-0.06532157,2D,16
-0.09770735,-0.01130024,2D,16
-0.23989248,-0.07001007,2D,16
 0.18916242,-0.04944767,2D,16
 0.32156847,-0.11360527,2D,16
 0.33278211,-0.09223152,2D,16
-0.09639487, 0.02994040,2D,16
 0.15110169,-0.01606985,2D,16
 0.20199048,-0.22100093,2D,16
 0.34680913,-0.05476542,2D,16
 0.33032230,-0.07765555,2D,16
-0.21272734, 0.02238218,2D,16
 0.03387785, 0.04767209,2D,16
-0.09325951,-0.09953104,2D,16
 0.45466590,-0.08774092,2D,16
-0.23854116, 0.11893673,2D,16
 0.42579937,-0.07714882,2D,16
 0.16251845,-0.01418155,2D,16
-0.21231887, 0.06545528,2D,16
-0.16017125, 0.01421976,2D,16
-0.22019435,-0.01377955,2D,16
-0.26640562,-0.00119414,2D,16
-0.31346991, 0.02870607,2D,16
 0.20356061,-0.07555396,2D,16
-0.19332479, 0.06004127,2D,16
-0.13505484,-0.15418584,2D,16
 0.07377662,-0.09362035,2D,16
 0.01678303,-0.10312521,2D,16
 0.37790404,-0.06076109,2D,16
-0.15353682, 0.00719947,2D,16
 0.43224772,-0.09864219,2D,16
 0.13760838,-0.06476307,2D,16
-0.11136253, 0.02808030,2D,16
-0.08258253, 0.03935297,2D,16
 0.22826676, 0.05482570,2D,16
 0.34455949,-0.05207649,2D,16
 0.34334320,-0.05579708,2D,16
-0.19085910,-0.03911216,2D,16
 0.14642762,-0.00144717,2D,16
 0.18158208,-0.08343971,2D,16
 0.19177752, 0.01627009,2D,16
 0.21720522,-0.07757577,2D,16
-0.23234015, 0.08951255,2D,16
-0.11066872, 0.02875567,2D,16
 0.25886872,-0.05113249,2D,16
 0.04922954, 0.07763531,2D,16
 0.34794597,-0.05117599,2D,16
 0.24221536,-0.02755972,2D,16
-0.03752872, 0.12455581,2D,16
 0.29989352,-0.05549246,2D,16
-0.00550426, 0.09368700,2D,16
 0.00388832, 0.08492998,2D,16
 0.38489111,-0.08227444,2D,16
 0.36414836,-0.04875407,2D,16
 0.19678992,-0.02991142,2D,16
-0.04012250, 0.11804014,2D,16
 0.06154123, 0.12145377,2D,16
 0.35796883,-0.12724089,2D,16
 0.09082978,-0.12872966,2D,16
 0.25383791,-0.00595486,2D,16
 0.18315528,-0.13545667,2D,16
 0.14256184, 0.03262876,2D,16
 0.24223564, 0.04883145,2D,16
-0.14221626,-0.06606132,2D,16
 0.19003261, 0.02510656,2D,16
-0.19042298, 0.07849525,2D,16
 0.18871568,-0.08220004,2D,16
-0.03869175, 0.00232028,2D,16
-0.21213377, 0.02964887,2D,16
 0.30127942,-0.00343528,2D,16
-0.06221324,-0.00587548,2D,16
 0.35178183,-0.03934305,2D,16
 0.27020474,-0.01407789,2D,16
-0.13218431,-0.14409549,2D,16
-0.30137404, 0.06214428,2D,16
 0.12054691,-0.02485417,2D,16
 0.42918394,-0.08622691,2D,16
 0.08324957,-0.01253070,2D,16
-0.24540532,-0.01122104,2D,16
 0.19662380, 0.01319074,2D,16
-0.07818765,-0.12440613,2D,16
 0.25139676, 0.03890883,40,16
 0.16901769, 0.11375617,40,16
-0.26605055, 0.05951658,40,16
 0.26162647, 0.07935919,40,16
 0.37738808,-0.01439250,40,16
-0.07787553, 0.08028700,40,16
 0.15493988, 0.09360724,40,16
-0.02993508, 0.04712909,40,16
 0.11968014, 0.09423622,40,16
 0.14640625, 0.08822460,40,16
 0.14200619, 0.05719675,40,16
 0.01578739, 0.14377610,40,16
 0.08480032, 0.08566430,40,16
 0.00696627, 0.17018240,40,16
-0.09017390, 0.14379101,40,16
 0.21413933,-0.00459939,40,16
-0.09197749, 0.09500084,40,16
-0.06797791, 0.07518278,40,16
-0.16792615, 0.11231249,40,16
-0.22408156,-0.01862731,40,16
-0.04858174, 0.07858258,40,16
 0.24744657, 0.03678693,40,16
 0.24572015,-0.01035742,40,16
 0.08324483, 0.07307512,40,16
-0.08500425, 0.10629443,40,16
-0.03433177, 0.12740723,40,16
 0.40715505, 0.02394339,40,16
 0.08779372, 0.11204736,40,16
 0.17087906, 0.07173535,40,16
 0.39885301,-0.02967903,40,16
 0.38468694,-0.00385496,40,16
-0.15742943, 0.28244056,40,16
 0.32069285, 0.07094752,40,16
 0.21751459, 0.04810164,40,16
 0.39914803, 0.00117567,40,16
 0.10449215, 0.04958168,40,16
-0.10160185, 0.18727576,40,16
 0.18724352, 0.06473340,40,16
 0.23952145, 0.04152356,40,16
-0.15010443, 0.13784396,40,16
-0.17379699, 0.17558452,40,16
 0.00691346, 0.17996203,40,16
 0.09303840, 0.07789475,40,16
-0.03413015, 0.19517323,40,16
 0.37051924,-0.02155848,40,16
 0.14788168, 0.12256227,40,16
 0.21795628, 0.06483590,40,16
-0.01090664, 0.06250362,40,16
-0.18713757,-0.05242001,40,16
-0.19549407, 0.08755833,40,16
 0.03609060, 0.17412278,40,16
-0.05925663, 0.15094296,40,16
 0.14664424, 0.09899813,40,16
 0.22125463, 0.03981983,40,16
-0.08656028, 0.12866412,40,16
 0.11422221, 0.11848250,40,16
 0.10441386, 0.02090104,40,16
-0.10954187, 0.19513386,40,16
-0.01425890,-0.05181995,40,16
 0.14291104,-0.00456310,40,16
-0.11885874, 0.01614453,40,16
-0.09981131,-0.01606467,40,16
-0.14547840, 0.01227826,40,16
-0.23155494,-0.03279055,40,16
-0.03358147,-0.03133846,40,16
 0.18383133, 0.05961526,40,16
 0.02575233, 0.14279396,40,16
-0.05633840, 0.17701028,40,16
 0.16896786, 0.11115062,40,16
 0.25703831, 0.01743375,40,16
 0.24990463, 0.09983750,40,16
 0.11887116, 0.04056906,40,16
 0.49521706,-0.03599382,40,16
 0.45235020,-0.07316114,40,16
 0.26962975, 0.04142733,40,16
 0.31570167, 0.01547983,40,16
 0.30064849, 0.07362135,40,16
 0.04976770, 0.11840588,40,16
 0.18876637, 0.12309874,40,16
 0.05091747, 0.06857754,40,16
 0.01227664, 0.08067595,40,16
 0.19930460, 0.01575504,40,16
-0.07963640, 0.21118886,40,16
 0.35133317, 0.04054950,40,16
-0.14605415, 0.22928107,40,16
 0.12553573, 0.05976289,40,16
 0.24168119, 0.06885394,40,16
-0.00126727, 0.15187424,40,16
-0.01018846, 0.10902635,40,16
-0.12561293, 0.16677165,40,16
 0.14794708,-0.02900834,40,16
 0.27707336, 0.03984179,40,16
 0.27019282, 0.02641554,40,16
-0.13049792, 0.10913421,40,16
 0.02129339, 0.07496607,40,16
 0.22743312, 0.02951654,40,16
 0.33112867, 0.01371373,40,16
 0.18111947, 0.05921569,40,16
 0.30769200, 0.01107541,40,16
 0.28882731, 0.00021315,40,16
 0.21467024,-0.03937697,40,16
 0.09886483, 0.03336169,40,16
 0.36964096, 0.01182251,40,16
-0.03206403, 0.11715170,40,16
 0.03031694, 0.07487803,40,16
 0.29733325, 0.04657914,40,16
 0.06972928, 0.05820659,40,16
 0.15887904, 0.13566771,40,16
 0.01996913, 0.21229946,40,16
-0.01100582, 0.12490727,40,16
 0.18793349, 0.10889445,40,16
 0.24107528, 0.02218352,40,16
-0.04341106, 0.10141037,40,16
 0.40229376, 0.02206769,40,16
 0.20893421, 0.08432130,40,16
-0.04363406, 0.17470398,40,16
 0.14190614, 0.15448937,40,16
-0.00519697, 0.13481187,40,16
 0.04605555, 0.16235984,40,16
 0.09589869, 0.14329442,40,16
 0.24797613, 0.11627205,40,16
 0.09099612, 0.16636188,40,16
 0.20998385, 0.10467202,40,16
 0.28197502, 0.10343778,40,16
 0.25592166, 0.07940079,40,16
-0.22870471, 0.15952260,AL,16
 0.12935960,-0.05262816,AL,16
-0.31149371, 0.02727865,AL,16
 0.03011251,-0.03386415,AL,16
 0.12948526,-0.09610778,AL,16
 0.00846779,-0.00485638,AL,16
-0.28465396, 0.05114135,AL,16
-0.27358114,-0.04838951,AL,16
-0.25824215,-0.02771735,AL,16
-0.27711229, 0.00418577,AL,16
-0.34116544,-0.03865992,AL,16
-0.27907137,-0.02061339,AL,16
-0.15144115,-0.04724812,AL,16
-0.27039638,-0.07697152,AL,16
-0.09355689,-0.07453080,AL,16
-0.11911072,-0.01792027,AL,16
-0.01401103,-0.07316440,AL,16
 0.03259258,-0.06428110,AL,16
-0.22870442, 0.03366577,AL,16
-0.08527816,-0.13938220,AL,16
-0.17633865, 0.02954825,AL,16
-0.32325646,-0.02728837,AL,16
-0.15838020,-0.12763718,AL,16
-0.23863317, 0.04748487,AL,16
 0.05969344,-0.22925180,AL,16
-0.16153374,-0.05471217,AL,16
-0.28127683,-0.04951418,AL,16
-0.23553604,-0.01057876,AL,16
 0.04629002,-0.07877628,AL,16
 0.03912450, 0.01320933,AL,16
 0.04135761,-0.06409685,AL,16
-0.12539148,-0.06913815,AL,16
-0.22416496, 0.01665424,AL,16
-0.31693964,-0.00942098,AL,16
-0.04297067,-0.13682732,AL,16
 0.07107252,-0.13504975,AL,16
 0.00196714, 0.00021173,AL,16
-0.29699841,-0.02814761,AL,16
-0.22976217,-0.06611934,AL,16
 0.05588004,-0.32632104,AL,16
 0.13106238,-0.19999134,AL,16
-0.29247243,-0.08031852,AL,16
 0.09907346,-0.07585988,AL,16
 0.27751509,-0.11630431,AL,16
 0.13850771,-0.04570176,AL,16
-0.28240148,-0.02396679,AL,16
-0.23712643, 0.00504017,AL,16
 0.13585605,-0.05473111,AL,16
-0.30795676,-0.04125126,AL,16
 0.19410218,-0.03918633,AL,16
-0.22916570,-0.28195186,AL,16
 0.14020187,-0.11977925,AL,16
-0.26667808,-0.07633733,AL,16
-0.05054466,-0.08040908,AL,16
 0.06973530,-0.05018154,AL,16
 0.02129729, 0.01709361,AL,16
-0.17191131, 0.07652063,AL,16
-0.16345600, 0.09471735,AL,16
-0.22729542,-0.12904534,AL,16
-0.30650939,-0.11102824,AL,16
 0.03310955,-0.01758534,AL,16
-0.32293027, 0.11475617,AL,16
-0.25814369, 0.11654051,AL,16
 0.04615194,-0.02850729,AL,16
-0.27292916,-0.09869836,AL,16
 0.05741612, 0.03975692,AL,16
-0.10927548, 0.03888254,AL,16
-0.05825459,-0.09054209,AL,16
-0.11133812,-0.03954983,AL,16
-0.04925408,-0.11553642,AL,16
-0.27011841,-0.24097645,AL,16
-0.05404766,-0.03057122,AL,16
 0.04379637, 0.00433762,AL,16
 0.23894629,-0.10514185,AL,16
 0.09256537,-0.02499751,AL,16
 0.20110479,-0.03766280,AL,16
 0.07799473,-0.24627461,AL,16
 0.22610262,-0.05724322,AL,16
 0.03415621,-0.10053304,AL,16
 0.15741982,-0.05252075,AL,16
-0.12261511, 0.01068333,AL,16
-0.12585200,-0.01004350,AL,16
 0.45778984,-0.08317448,AL,16
 0.05925575, 0.01636586,AL,16
-0.14786441,-0.12805627,AL,16
-0.07527140,-0.08553163,AL,16
-0.17440545,-0.08719349,AL,16
 0.23971909,-0.12767600,AL,16
 0.23034464,-0.09238527,AL,16
-0.33725296,-0.01942248,AL,16
 0.10399786,-0.07273413,AL,16
-0.28715151,-0.10434349,AL,16
 0.40640470,-0.10443674,AL,16
-0.23512558,-0.09051563,AL,16
-0.26516509,-0.06033727,AL,16
-0.27635781,-0.05892574,AL,16
 0.05327874, 0.04421627,AL,16
 0.06016304,-0.09658278,AL,16
 0.02711016,-0.13041367,AL,16
-0.19095458,-0.14443879,AL,16
 0.02437719,-0.27315649,AL,16
-0.23525105,-0.11684903,AL,16
-0.07206050, 0.06376279,AL,16
-0.16982934, 0.01963866,AL,16
-0.27011310, 0.08369517,AL,16
-0.30412830, 0.10054985,AL,16
-0.20577206, 0.15770418,AL,16
 0.04677122,-0.05587310,AL,16
 0.01587765, 0.01879048,AL,16
-0.12645170,-0.07989064,AL,16
 0.09173297,-0.04094772,AL,16
 0.09231523,-0.08978162,AL,16
 0.13560443,-0.12313094,AL,16
 0.01452981,-0.05179874,AL,16
-0.33311439,-0.16844948,AL,16
-0.31422733,-0.07882957,AL,16
-0.15894133,-0.05886352,AL,16
-0.31745031,-0.03546579,AL,16
 0.09904617,-0.05821976,AL,16
-0.25265659,-0.06644631,AL,16
-0.06245308,-0.00712841,AL,16
-0.13208653, 0.04151121,AL,16
-0.08558339, 0.11469282,AL,16
-0.29338203,-0.22437339,AL,16
-0.03656710,-0.00266951,AL,16
 0.23931949,-0.04522493,AL,16
 0.05274750,-0.03211258,AL,16
-0.12534035,-0.05064672,AL,16
-0.03509717,-0.03292839,AL,16
-0.20037053, 0.11194098,AL,16
 0.10822453,-0.28653907,AL,16
 0.06189974, 0.02603896,AL,16
-0.14519830, 0.08201321,AL,16
-0.27086370,-0.00155572,AL,16
 0.17521877,-0.08978892,AL,16
-0.19195218, 0.21586059,AL,16
-0.09903686, 0.00480567,AL,16
-0.29397776,-0.02843084,AL,16
-0.16806090, 0.01444616,AL,16
-0.09606863, 0.01209465,AL,16
 0.01919107, 0.13099994,1D,10
-0.15120656, 0.18209856,1D,10
-0.00730011, 0.07876692,1D,10
 0.15338466, 0.05897594,1D,10
-0.17083513, 0.00408200,1D,10
 0.13658775, 0.10526857,1D,10
-0.13554344, 0.06030857,1D,10
-0.24371966,-0.04720616,1D,10
 0.18756161,-0.05196095,1D,10
 0.09705583, 0.05238407,1D,10
-0.07928034, 0.08347411,1D,10
 0.27258987, 0.01939021,1D,10
-0.05264714,-0.03997877,1D,10
-0.23918199, 0.04709852,1D,10
-0.18245175, 0.04057502,1D,10
-0.13457050, 0.06959212,1D,10
-0.14645992, 0.05729438,1D,10
-0.18765779,-0.02884276,1D,10
-0.27986309, 0.04340388,1D,10
-0.31115233, 0.09926266,1D,10
-0.05158297,-0.05900349,1D,10
 0.05145156,-0.02971387,1D,10
-0.09027331,-0.15409242,1D,10
-0.02885986, 0.03204965,1D,10
-0.01269672,-0.08832946,1D,10
 0.03628355, 0.01780791,1D,10
 0.05618316,-0.09609048,1D,10
-0.01214857,-0.07021931,1D,10
 0.05694985,-0.11231726,1D,10
 0.10654630,-0.06699465,1D,10
 0.11096449,-0.03932185,1D,10
 0.19033384,-0.08041272,1D,10
-0.01127965,-0.10196349,1D,10
-0.13792209,-0.04139682,1D,10
 0.06003604, 0.03243565,1D,10
 0.02776836, 0.02645370,1D,10
-0.03260012,-0.01635437,1D,10
-0.11541085, 0.03387034,1D,10
 0.07943587,-0.09787568,1D,10
-0.26559202, 0.07236963,1D,10
-0.24345207, 0.05604803,1D,10
-0.17869083, 0.05036723,1D,10
-0.08129795,-0.07245180,1D,10
 0.08588744,-0.02906337,1D,10
-0.14081167,-0.09910761,1D,10
 0.25913433,-0.10401386,1D,10
 0.41751319,-0.09254531,1D,10
-0.12466550,-0.02288017,1D,10
 0.00604325, 0.07814290,1D,10
 0.04988441,-0.04851967,1D,10
 0.15091093,-0.02720151,1D,10
 0.16293672, 0.00092718,1D,10
-0.12945568, 0.09760769,1D,10
 0.22440039,-0.12038907,1D,10
-0.04033770, 0.03767602,1D,10
-0.17413113,-0.00685961,1D,10
 0.08892180, 0.07388851,1D,10
 0.20127837, 0.07607087,1D,10
-0.05250346,-0.06796370,1D,10
-0.16334598,-0.06538225,1D,10
 0.20560109, 0.04994395,1D,10
 0.05841698, 0.10142506,1D,10
 0.13031301, 0.12782565,1D,10
-0.06961180, 0.14299644,1D,10
-0.01296038, 0.07161704,1D,10
-0.03721240, 0.15746556,1D,10
-0.12814817, 0.01818386,1D,10
 0.26190143,-0.04490988,1D,10
-0.28205288, 0.03997275,1D,10
-0.19068345, 0.08498693,1D,10
-0.05655302,-0.00052951,1D,10
-0.09177118,-0.02466673,1D,10
-0.18924923,-0.04483273,1D,10
-0.35852975,-0.04356560,1D,10
-0.08883344, 0.06948550,1D,10
-0.16426481,-0.03507684,1D,10
-0.07639400, 0.02985245,1D,10
 0.15163172, 0.03610193,1D,10
-0.13458365, 0.03173236,1D,10
 0.20277819,-0.00854660,1D,10
-0.18837537,-0.01549911,1D,10
-0.03954551,-0.13139346,1D,10
-0.13612070,-0.01635744,1D,10
 0.05844118, 0.07481196,1D,10
-0.13312233, 0.12617755,1D,10
-0.08410240,-0.20139673,1D,10
-0.15009614,-0.11302353,1D,10
-0.05489683, 0.15891924,1D,10
-0.29017490,-0.03993935,1D,10
-0.03035223,-0.09235703,1D,10
-0.17354955, 0.12620776,1D,10
-0.31184322,-0.16163526,1D,10
-0.14291390,-0.13373733,1D,10
 0.23359421,-0.02466483,1D,10
-0.19933728, 0.07185538,1D,10
-0.18288874,-0.03455790,20,10
-0.07870921, 0.04594951,20,10
 0.14246167,-0.02368847,20,10
-0.07450114,-0.17476518,20,10
-0.01174656, 0.01661896,20,10
 0.17274856,-0.08678583,20,10
-0.29551256,-0.05599718,20,10
-0.23119461, 0.01709878,20,10
-0.21636943, 0.04725778,20,10
-0.30570802,-0.06911063,20,10
-0.17538933,-0.03190912,20,10
-0.04733996, 0.07881374,20,10
-0.29948493,-0.18053223,20,10
-0.10047034,-0.04702599,20,10
 0.05856433,-0.06556557,20,10
-0.28487260,-0.06030948,20,10
 0.05234698,-0.03202773,20,10
-0.26683806, 0.10641862,20,10
-0.06563054,-0.14084110,20,10
-0.15618132,-0.11720849,20,10
-0.18971984,-0.03690579,20,10
 0.12393299,-0.06690584,20,10
-0.21818247,-0.00020333,20,10
-0.19365470, 0.12851080,20,10
-0.24269404,-0.03240566,20,10
-0.21927836, 0.02197276,20,10
-0.14730818, 0.01966622,20,10
 0.14512531,-0.06563276,20,10
-0.33678529, 0.02659086,20,10
 0.12937061, 0.01182038,20,10
 0.01915591, 0.07804241,20,10
 0.04940646,-0.06240873,20,10
 0.15510330,-0.06820372,20,10
-0.06031992,-0.00483249,20,10
-0.15972060,-0.09379115,20,10
 0.01826390, 0.06739320,20,10
 0.13013875,-0.07869324,20,10
-0.10084972,-0.12427460,20,10
-0.17954337,-0.03102031,20,10
 0.05205401,-0.00663038,20,10
-0.30568553, 0.00100367,20,10
-0.10646454,-0.09775167,20,10
 0.19589179,-0.04174716,20,10
 0.15387342,-0.03243731,20,10
 0.03351421,-0.09808588,20,10
 0.02128927, 0.06721472,20,10
 0.23821491,-0.09495051,20,10
-0.10889581, 0.01528465,20,10
-0.01161058, 0.04772424,20,10
 0.00297136, 0.04541183,20,10
-0.00119862, 0.00105778,20,10
-0.03123838, 0.02441358,20,10
-0.05795992,-0.02574673,20,10
 0.03846044,-0.00969393,20,10
-0.11035473,-0.02365012,20,10
 0.11841544,-0.08555121,20,10
 0.06885954,-0.12722723,20,10
-0.20577440,-0.07455742,20,10
 0.12537033,-0.02104382,20,10
 0.11378532,-0.18022198,20,10
-0.02027458,-0.11752105,20,10
-0.03686983,-0.13383111,20,10
-0.21331464,-0.15425596,20,10
 0.00660571,-0.07296654,20,10
 0.31390622,-0.11600815,20,10
-0.03478797,-0.07783879,20,10
-0.08964406,-0.09919778,20,10
-0.20639989,-0.16307486,20,10
-0.28173403,-0.04602967,20,10
 0.06923003,-0.11211117,20,10
-0.00460577, 0.06461669,20,10
-0.08858022,-0.07137319,20,10
-0.03918411,-0.00161063,20,10
-0.32562300, 0.01830592,20,10
-0.29132379,-0.04364297,20,10
-0.21580117,-0.20189604,20,10
-0.29808946, 0.09742703,20,10
 0.12022161,-0.09044933,20,10
 0.27488256,-0.10927675,20,10
-0.25337170,-0.01519761,20,10
-0.08986214, 0.08835650,20,10
 0.17631592, 0.01268201,20,10
-0.01758026,-0.06689437,20,10
-0.11558029,-0.11917687,20,10
 0.03119850, 0.01374965,20,10
 0.08108343,-0.15170535,20,10
-0.09945086, 0.13214223,20,10
 0.30004746,-0.04063445,20,10
-0.27510008, 0.07053055,20,10
-0.23495304,-0.05796352,20,10
 0.06530258, 0.03809113,20,10
 0.05475329,-0.05598616,20,10
 0.27928869,-0.05630681,20,10
-0.00180452, 0.14186582,20,10
-0.17344879, 0.10729827,20,10
-0.01367050, 0.02572280,20,10
 0.01081149, 0.10514825,20,10
 0.14436384, 0.00813220,20,10
 0.07091977,-0.10297556,20,10
 0.15176436,-0.00930817,20,10
-0.03811413, 0.04655226,20,10
-0.13876513, 0.15394763,20,10
-0.06568440,-0.04571838,20,10
 0.22876975, 0.03640213,20,10
 0.29041904,-0.01577175,20,10
-0.15962230,-0.06456485,20,10
-0.06684546, 0.12700001,20,10
 0.11012803, 0.02169070,20,10
 0.13913513,-0.00625921,20,10
-0.00076236, 0.10788262,20,10
 0.22511327,-0.03759736,20,10
-0.09534656, 0.00780756,20,10
 0.16672751,-0.05225886,20,10
 0.08428964, 0.13219680,20,10
 0.23800469, 0.03074748,20,10
 0.26450555,-0.00223866,20,10
 0.01734216, 0.08454552,20,10
-0.02936329, 0.01053710,20,10
 0.04354155, 0.17432967,2D,10
 0.02446626, 0.18876479,2D,10
-0.05175175, 0.03204073,2D,10
 0.16374570, 0.14058617,2D,10
 0.13137355,-0.02907923,2D,10
 0.01515937,-0.05106516,2D,10
 0.11732826, 0.08080784,2D,10
 0.18392170, 0.03584452,2D,10
 0.18702883, 0.03559309,2D,10
 0.18890596, 0.09038995,2D,10
 0.15192019, 0.09400025,2D,10
-0.08586259, 0.17652703,2D,10
 0.08411663, 0.03735456,2D,10
-0.11553412, 0.07488090,2D,10
 0.16816381, 0.12409234,2D,10
-0.28352653, 0.03593219,2D,10
-0.28217452, 0.11688914,2D,10
-0.14772671, 0.26452668,2D,10
 0.04488735, 0.16062105,2D,10
 0.04028630, 0.00485338,2D,10
 0.14358179, 0.13306670,2D,10
-0.23021501, 0.17101840,2D,10
-0.18943264,-0.07504514,2D,10
 0.04362369,-0.10042678,2D,10
 0.24095042,-0.04224316,2D,10
-0.05056110, 0.02182576,2D,10
-0.33035078, 0.01597748,2D,10
 0.15825006,-0.06202220,2D,10
 0.06961405,-0.05336952,2D,10
-0.02950911,-0.01260650,2D,10
-0.01771883, 0.01996128,2D,10
-0.14618869,-0.04992950,2D,10
-0.13150559, 0.01690225,2D,10
-0.28931525, 0.10106552,2D,10
-0.25614730, 0.02437470,2D,10
-0.32154315,-0.07877119,2D,10
 0.08814634, 0.06277490,2D,10
 0.09548176,-0.13132087,2D,10
-0.18654034,-0.07560849,2D,10
-0.30392422, 0.02816294,2D,10
-0.19091713, 0.08061739,2D,10
-0.24609204, 0.09981239,2D,10
 0.20718439, 0.03314310,2D,10
 0.30641662,-0.09253161,2D,10
 0.18726427,-0.00601195,2D,10
 0.05959486, 0.04625130,2D,10
-0.20580313,-0.03126062,2D,10
-0.22416680, 0.15082745,2D,10
 0.28175322,-0.07491855,2D,10
 0.10179746, 0.14534952,2D,10
 0.00090568, 0.03405358,2D,10
-0.03681344,-0.00406343,2D,10
 0.12771074, 0.01477418,2D,10
 0.28327535,-0.09351876,2D,10
-0.26566424,-0.03320927,2D,10
 0.04086081, 0.00993498,2D,10
 0.17078956, 0.03725372,2D,10
-0.24961974, 0.00649185,2D,10
-0.23033781, 0.00173272,2D,10
-0.13299781, 0.16453183,2D,10
 0.09541594, 0.05739420,2D,10
-0.13272144, 0.13745250,2D,10
 0.20008403, 0.00550821,2D,10
 0.24888010,-0.02336207,2D,10
-0.18562482, 0.04441283,2D,10
 0.12242387, 0.09084067,2D,10
-0.04917321, 0.09720307,2D,10
 0.25192988,-0.03626391,2D,10
-0.00503690, 0.03467286,2D,10
 0.20256109,-0.04183923,2D,10
 0.00118686, 0.02507599,2D,10
-0.06209315,-0.08658573,2D,10
 0.14436121, 0.05421214,2D,10
 0.10278175, 0.07967888,2D,10
-0.05675175, 0.10645585,2D,10
-0.22026267, 0.12190402,2D,10
 0.11195329,-0.01188995,2D,10
-0.15752634, 0.06053953,2D,10
 0.20538081, 0.02264169,2D,10
 0.02341131, 0.05286981,2D,10
 0.06199686, 0.01692547,2D,10
 0.00094522, 0.01809774,2D,10
 0.13512874, 0.08936196,2D,10
 0.16019557, 0.12831388,2D,10
 0.07368436, 0.01869683,2D,10
-0.04774791, 0.03007315,2D,10
-0.05203390, 0.12667537,2D,10
 0.09174769, 0.17000400,2D,10
 0.13579609, 0.12645262,2D,10
-0.05439743,-0.12914284,2D,10
-0.17423431,-0.16997996,2D,10
-0.16772080,-0.01317521,2D,10
-0.16683489, 0.09351118,2D,10
 0.02209434,-0.16222830,2D,10
-0.27663705,-0.08211010,2D,10
 0.26974087,-0.09928760,2D,10
 0.38379414,-0.12751974,2D,10
-0.06810389, 0.17800819,2D,10
 0.15120934, 0.10374445,2D,10
 0.01342102, 0.16196884,2D,10
 0.10328013, 0.18792738,2D,10
 0.12557285, 0.11974211,2D,10
 0.04894236, 0.13142005,2D,10
 0.14165041, 0.05801742,40,10
 0.05294661, 0.07203901,40,10
-0.25680597, 0.05008313,40,10
-0.20570327,-0.06181794,40,10
 0.34692250,-0.10676357,40,10
 0.21726023,-0.02868861,40,10
-0.08760353, 0.09140517,40,10
 0.06549334, 0.06313200,40,10
 0.15218323, 0.06855968,40,10
 0.07655653, 0.11279540,40,10
 0.07501198, 0.03823268,40,10
 0.28610251, 0.00347278,40,10
-0.00087686, 0.08216226,40,10
-0.06477370, 0.11267635,40,10
 0.02316163, 0.01472305,40,10
 0.14125410,-0.00834223,40,10
 0.02867715, 0.05999633,40,10
-0.05145247, 0.06505424,40,10
 0.05260169, 0.05246313,40,10
 0.12706053, 0.02274092,40,10
-0.04613958, 0.17101094,40,10
 0.07850399, 0.03005846,40,10
-0.22948753, 0.12868858,40,10
 0.09559494, 0.02401031,40,10
 0.02986025, 0.00486929,40,10
-0.10916580, 0.08973469,40,10
 0.09274093,-0.03848214,40,10
 0.24327175,-0.05025430,40,10
 0.32500881,-0.10660619,40,10
-0.08345957,-0.08612758,40,10
-0.16232088, 0.19012540,40,10
 0.00782395, 0.05442186,40,10
-0.09093010, 0.09242812,40,10
 0.10107011, 0.12174681,40,10
 0.30183943,-0.06131915,40,10
 0.15609627, 0.01847130,40,10
-0.04159728, 0.04955774,40,10
-0.17533733, 0.06390086,40,10
 0.11716150, 0.00367927,40,10
 0.13673337, 0.03971438,40,10
-0.15176742, 0.10953886,40,10
 0.27833875,-0.00300183,40,10
 0.03865165, 0.07657523,40,10
 0.15015872, 0.05377085,40,10
-0.04018757, 0.08789907,40,10
-0.16468389, 0.02293951,40,10
 0.00295601, 0.06535609,40,10
-0.13243713, 0.02023605,40,10
 0.29760975,-0.08195919,40,10
 0.05964870, 0.02359143,40,10
-0.00946541, 0.01909787,40,10
-0.07724574,-0.00040947,40,10
 0.22260486,-0.01237121,40,10
 0.09111002, 0.02380145,40,10
 0.14023540,-0.06868820,40,10
 0.13178983,-0.05471672,40,10
 0.09817019, 0.04053988,40,10
 0.28536333, 0.01919921,40,10
 0.20189742,-0.04885468,40,10
 0.23580168,-0.01193870,40,10
-0.03843292, 0.09145757,40,10
 0.14293897, 0.07410459,40,10
-0.03270719, 0.07297944,40,10
 0.07726041, 0.00075124,40,10
-0.01684918, 0.06612248,40,10
 0.39008090,-0.02624550,40,10
 0.23235373, 0.00011144,40,10
 0.18223962, 0.01056287,40,10
 0.15796709, 0.04396976,40,10
 0.14978502, 0.07256731,40,10
 0.33106640, 0.02539265,40,10
 0.17525494, 0.02882586,40,10
 0.18545678, 0.02359436,40,10
 0.40585646,-0.03613986,40,10
 0.41144670,-0.06029203,40,10
-0.09087671, 0.13616651,40,10
 0.29282635,-0.02803776,40,10
 0.30253260,-0.04805485,40,10
 0.00195804, 0.07600715,40,10
 0.27918790, 0.00585879,40,10
 0.05090595,-0.05363314,40,10
-0.12305499, 0.05983415,40,10
 0.05085569, 0.01995020,40,10
 0.25005313, 0.02261505,40,10
 0.29784136,-0.02683987,40,10
 0.40064485,-0.02313494,40,10
 0.19864465, 0.00861652,40,10
 0.20485471, 0.05666808,40,10
 0.09879213, 0.13176178,40,10
 0.02127173, 0.09857429,40,10
 0.31927180,-0.07376012,40,10
-0.22921388, 0.08911220,AL,10
-0.26772973,-0.02636402,AL,10
-0.06184892,-0.04277028,AL,10
 0.34340507,-0.10642682,AL,10
-0.05925449, 0.02641557,AL,10
-0.20795484, 0.07631183,AL,10
-0.33769306,-0.03863290,AL,10
-0.22529854,-0.13336489,AL,10
-0.11877881, 0.03666612,AL,10
 0.02389329,-0.11267961,AL,10
-0.31449659,-0.03914739,AL,10
-0.25779196,-0.07144153,AL,10
 0.25452491,-0.12612244,AL,10
-0.24784231,-0.15312228,AL,10
-0.11147485, 0.17800862,AL,10
-0.26543774,-0.03956848,AL,10
-0.05243510, 0.04238118,AL,10
-0.10829267,-0.11046068,AL,10
-0.33283502,-0.10088280,AL,10
-0.15606760, 0.06890776,AL,10
-0.21998952, 0.08562582,AL,10
-0.28994240, 0.00215560,AL,10
-0.35202664,-0.05080847,AL,10
-0.11575946,-0.04993765,AL,10
-0.28143055, 0.02523174,AL,10
-0.33510505,-0.01639372,AL,10
-0.06284419, 0.00823006,AL,10
 0.16627205,-0.05357702,AL,10
-0.33318567,-0.10239890,AL,10
-0.29540209,-0.12596798,AL,10
-0.25320683,-0.05256611,AL,10
-0.33931917,-0.08475172,AL,10
-0.25511979,-0.08761385,AL,10
-0.16628650,-0.10708342,AL,10
-0.31707563,-0.01962998,AL,10
 0.16949479,-0.01956589,AL,10
-0.22837816,-0.13119016,AL,10
-0.08192413,-0.03993991,AL,10
-0.20680848, 0.06308646,AL,10
-0.32797292,-0.10533647,AL,10
-0.00417429,-0.08104818,AL,10
-0.28379569, 0.01678568,AL,10
-0.15665180, 0.01843741,AL,10
-0.19111988, 0.03835431,AL,10
-0.29114597, 0.06869057,AL,10
-0.32550640,-0.08050667,AL,10
 0.07597188,-0.00894415,AL,10
-0.02255416,-0.06722480,AL,10
 0.11037801,-0.15779446,AL,10
-0.09997721, 0.00591395,AL,10
-0.14733427,-0.11950284,AL,10
-0.28647927,-0.13926357,AL,10
-0.13447375,-0.14442414,AL,10
-0.10341848,-0.02890246,AL,10
-0.00289181, 0.01082933,AL,10
-0.25335919, 0.09335473,AL,10
 0.24650469,-0.16254872,AL,10
-0.29566962,-0.07003826,AL,10
 0.01408000,-0.12127856,AL,10
-0.27448727,-0.09636685,AL,10
-0.21770645,-0.05739083,AL,10
-0.27889867,-0.03018787,AL,10
-0.19016165, 0.03823724,AL,10
-0.08503130,-0.07269059,AL,10
 0.21968568,-0.07746656,AL,10
-0.19546382,-0.01963713,AL,10
-0.09043384,-0.14262401,AL,10
-0.02679261,-0.04475360,AL,10
-0.11782712, 0.04235226,AL,10
-0.18240791,-0.11614356,AL,10
-0.24323695, 0.08195034,AL,10
-0.09142886,-0.19583832,AL,10
-0.18087262,-0.02127655,AL,10
 0.08451926,-0.07456674,AL,10
 0.07839067, 0.04204086,AL,10
 0.02000273,-0.24279458,AL,10
 0.11021985,-0.06824954,AL,10
-0.23054867, 0.10492133,AL,10
-0.31274849,-0.16322157,AL,10
-0.22821326,-0.15292925,AL,10
-0.26355948,-0.13348214,AL,10
-0.34440391,-0.08641033,AL,10
 0.04094262, 0.09698511,AL,10
-0.06014765,-0.09956320,AL,10
-0.14775605, 0.03806783,AL,10
-0.21528439,-0.04222613,AL,10
-0.17677623,-0.07812127,AL,10
-0.17656584,-0.02176487,AL,10
-0.26807556, 0.10392640,AL,10
 0.03917439, 0.05796409,AL,10
-0.29783370,-0.02833268,AL,10
-0.33364899,-0.08685272,AL,10
-0.24641187, 0.01601020,AL,10
-0.32636728, 0.06262828,AL,10
-0.27459594, 0.00785296,AL,10
-0.24584342, 0.13258378,AL,10
-0.31259094,-0.04592987,AL,10
-0.21193006, 0.07906246,AL,10
 0.02656890,-0.03120651,AL,10
-0.22619662,-0.21326075,AL,10
-0.24224618, 0.12549762,AL,10
 0.22364717,-0.11378334,AL,10
-0.03459006, 0.07155334,AL,10
-0.14953101, 0.04722613,AL,10
-0.26859878,-0.07932536,AL,10
-0.06384846, 0.00370952,AL,10
 0.25886739,-0.14321649,1D, 8
-0.22130649, 0.10972285,1D, 8
 0.04798661,-0.04653050,1D, 8
-0.15888778, 0.01119459,1D, 8
-0.14042664,-0.01160345,1D, 8
-0.04954313,-0.04261024,1D, 8
-0.23864346,-0.04057576,1D, 8
 0.01934831,-0.08700154,1D, 8
-0.00483922,-0.18378768,1D, 8
-0.28019995,-0.06188343,1D, 8
-0.21374597,-0.06959442,1D, 8
-0.18091184, 0.17189956,1D, 8
-0.29903105,-0.14020539,1D, 8
-0.19469636,-0.02875354,1D, 8
 0.08670433,-0.07503521,1D, 8
-0.18737910,-0.06649919,1D, 8
-0.00262264, 0.01400956,1D, 8
-0.18271386, 0.03281265,1D, 8
 0.01422645,-0.02043682,1D, 8
-0.15366267,-0.00916493,1D, 8
-0.17555175, 0.10148643,1D, 8
-0.29506372,-0.03650718,1D, 8
-0.23773049, 0.00910574,1D, 8
 0.04117907,-0.00528858,1D, 8
-0.02618281, 0.01350613,1D, 8
-0.29474513, 0.04317635,1D, 8
-0.22108898, 0.03866552,1D, 8
-0.15184415, 0.15487242,1D, 8
-0.23883682,-0.00892972,20, 8
-0.31239744, 0.07854928,20, 8
 0.06358690,-0.02398379,20, 8
 0.11219713,-0.14689464,20, 8
-0.08475555,-0.05199312,20, 8
-0.18758034, 0.02383586,20, 8
 0.09677653,-0.03888650,20, 8
-0.18093519, 0.00400445,20, 8
 0.11503245,-0.06852721,20, 8
 0.06625776, 0.01039041,20, 8
 0.01181091,-0.20037582,20, 8
-0.09219875, 0.00661782,20, 8
 0.10494911,-0.08154559,20, 8
 0.07067166,-0.08046190,20, 8
-0.00356733, 0.00102232,20, 8
-0.06319404,-0.24451216,20, 8
 0.02303460,-0.07209717,20, 8
 0.08936260,-0.06693955,20, 8
-0.21159691,-0.01234104,20, 8
-0.35085293,-0.03628628,2D, 8
 0.15537140,-0.26044017,2D, 8
 0.10456848,-0.20584376,2D, 8
-0.21883791,-0.02213068,2D, 8
 0.03533293,-0.08658128,2D, 8
-0.05723773,-0.11074255,2D, 8
-0.13396376,-0.01582600,2D, 8
 0.08223541,-0.20346969,2D, 8
-0.34823515,-0.09013685,2D, 8
-0.13828122,-0.09485063,2D, 8
-0.24239168,-0.09275112,2D, 8
-0.34775184,-0.00580782,2D, 8
 0.20719058,-0.07629763,2D, 8
 0.24845775,-0.11075920,2D, 8
 0.10099337,-0.07450692,2D, 8
 0.15874708,-0.00463469,2D, 8
 0.07530362, 0.05977429,2D, 8
 0.08319298, 0.06256836,2D, 8
 0.05618036, 0.09280079,2D, 8
 0.08791251, 0.00229727,2D, 8
-0.12257060, 0.16700329,2D, 8
-0.04919483,-0.01083283,2D, 8
-0.05401589, 0.04936034,2D, 8
 0.22835150,-0.01703152,2D, 8
-0.24359185,-0.16358458,2D, 8
-0.09914219,-0.04670767,2D, 8
-0.33990034,-0.04637352,2D, 8
-0.06445951,-0.06667029,2D, 8
-0.09893061, 0.14703747,40, 8
 0.14522528,-0.01068638,40, 8
-0.13219264, 0.09138432,40, 8
-0.11670903, 0.16686801,40, 8
-0.02458069, 0.12868581,40, 8
 0.00896399, 0.14482164,40, 8
 0.09259376, 0.09252657,40, 8
-0.01849839, 0.12276242,40, 8
-0.07548407, 0.07077777,40, 8
 0.25876141, 0.04360969,40, 8
-0.01219302, 0.13514094,40, 8
-0.11644370, 0.16204429,40, 8
-0.08012877, 0.18797347,40, 8
 0.02836043,-0.02787682,40, 8
 0.15424455,-0.06047651,40, 8
-0.07214232,-0.06967103,40, 8
 0.02904599,-0.08869019,40, 8
 0.03075329, 0.01999424,40, 8
 0.13805866,-0.02817429,40, 8
 0.10391072, 0.01177495,40, 8
 0.15851205,-0.02912404,40, 8
 0.08027066,-0.13244444,40, 8
 0.24977079, 0.07411773,40, 8
-0.28485287, 0.11970665,AL, 8
 0.13102785,-0.12027084,AL, 8
 0.20744008,-0.09242677,AL, 8
 0.09912323,-0.23559160,AL, 8
-0.01451165,-0.02134341,AL, 8
-0.15290544,-0.00196633,AL, 8
-0.23225580, 0.03356353,AL, 8
-0.14604969, 0.05702321,AL, 8
-0.03299110,-0.02957496,AL, 8
 0.03775893,-0.01362622,AL, 8
-0.24713928, 0.00348601,AL, 8
-0.01364694,-0.02742584,AL, 8
-0.14283383,-0.11848634,AL, 8
 0.01445326,-0.06708571,AL, 8
-0.00834358,-0.06800523,AL, 8
-0.15209487,-0.09323735,AL, 8
 0.04180002, 0.02713777,AL, 8
-0.08557369,-0.24476980,AL, 8
-0.04510031,-0.07415287,AL, 8
 0.13074115,-0.08476876,AL, 8
-0.13852712,-0.06655330,AL, 8
-0.11848579,-0.19524806,AL, 8
-0.03481498,-0.10493582,AL, 8
-0.07234268,-0.01465024,AL, 8
-0.34357790,-0.08495448,AL, 8
-0.25541181,-0.01707825,AL, 8
 0.19646306,-0.06919127,AL, 8
-0.23902522,-0.03034080,AL, 8
-0.31268870,-0.00269354,AL, 5
-0.07629026, 0.01437845,AL, 5
 0.06842877, 0.00152716,AL, 5
-0.30301695, 0.05862377,AL, 5
-0.30371038, 0.12255730,AL, 5
-0.21165537,-0.04527092,AL, 5
-0.27556056, 0.02813535,AL, 5
-0.28339728, 0.09097803,AL, 5
-0.25853655, 0.03148271,AL, 5
-0.34098310,-0.03990220,AL, 5
-0.05666144,-0.05940172,AL, 5
-0.17352070, 0.00347373,AL, 5
-0.29446289,-0.01087963,AL, 5
-0.03027443,-0.20702798,AL, 5
-0.35205014, 0.01836807,AL, 5
-0.32883796,-0.11549750,AL, 5
-0.30195877,-0.01316221,AL, 5
-0.10346963, 0.03169709,AL, 5
-0.25225731,-0.18361043,AL, 5
 0.03145828, 0.00631641,AL, 5
-0.07760283, 0.09632811,AL, 5
-0.30586736, 0.04382743,AL, 5
-0.09066212, 0.09421148,AL, 5
-0.21722199,-0.01364131,AL, 5
-0.12969302, 0.07095536,AL, 5
-0.09094473,-0.04920332,AL, 5
-0.10796076,-0.04739348,AL, 5
-0.22114969, 0.00824019,AL, 5
-0.25671511,-0.05437680,AL, 5
-0.15266127,-0.19521743,AL, 5
-0.32504790,-0.04845105,AL, 5
-0.10022194, 0.01737346,AL, 5
-0.29697676, 0.12493181,AL, 5
-0.11905366,-0.00209896,AL, 5
-0.22893387, 0.10186636,AL, 5
-0.26238594,-0.00439462,AL, 5
-0.17608827,-0.05189887,AL, 5
 0.00534206,-0.07134192,AL, 5
 0.13119790,-0.04643831,AL, 5
 0.23667920,-0.12461133,AL, 5
 0.29094050,-0.08723781,AL, 5
-0.22673743, 0.05868728,AL, 5
-0.08346160,-0.10195575,AL, 5
 0.08755303,-0.07636966,AL, 5
 0.19160185,-0.19468915,AL, 5
 0.01915355,-0.07037007,AL, 5
-0.08429509, 0.03588804,AL, 5
 0.08714037,-0.14651594,AL, 5
-0.15110384,-0.07896368,AL, 5
 0.04996780,-0.08831650,AL, 5
-0.31714656,-0.02120492,AL, 5
-0.16909255, 0.04979000,AL, 5
-0.32123514, 0.03066359,AL, 5
-0.06326822, 0.05970776,AL, 5
-0.08753800, 0.04456747,AL, 5
-0.31926619,-0.20333369,AL, 5
-0.13933026,-0.02155276,AL, 5
 0.13023356,-0.12372557,AL, 5
-0.34528670,-0.00263429,AL, 5
 0.07400408,-0.03143150,AL, 5
-0.11176249, 0.06484744,AL, 5
-0.02538991,-0.01358979,AL, 5
 0.11442770,-0.08662404,AL, 5
-0.07877942, 0.10190906,AL, 5
 0.17589665,-0.25159252,AL, 5
 0.11458630,-0.18631956,AL, 5
 0.04594049,-0.05214341,AL, 5
-0.28522198,-0.09861560,AL, 5
-0.21349916,-0.02055104,AL, 5
-0.25329590, 0.05024119,AL, 5
 0.04786513,-0.13473178,AL, 5
 0.03386249,-0.14352320,AL, 5
-0.08325008,-0.03750089,AL, 5
-0.00470852,-0.14139960,AL, 5
-0.34023015,-0.02989176,AL, 5
-0.31791770,-0.03359339,AL, 5
-0.23258774,-0.01698376,AL, 5
-0.11315372,-0.15106932,AL, 5
-0.19635739,-0.15721915,AL, 5
-0.30343993, 0.00615557,AL, 5
-0.02524140,-0.13555935,AL, 5
-0.10280811,-0.07547144,AL, 5
-0.11714952, 0.02187421,AL, 5
-0.07417532,-0.10828193,AL, 5
-0.18133543,-0.11065183,AL, 5
-0.02811804,-0.18371255,AL, 5
 0.00687415,-0.05662639,AL, 5
-0.28158626,-0.03514551,AL, 5
 0.00326418,-0.07381810,AL, 5
-0.23608994,-0.09581487,AL, 5
 0.15337001,-0.07177082,AL, 5
 0.13326085,-0.12928993,AL, 5
-0.08373371,-0.21975559,AL, 5
-0.32310662,-0.03130198,AL, 5
 0.19541375,-0.14766760,AL, 5
-0.26084804,-0.23291236,AL, 5
 0.04304077,-0.13393707,AL, 5
 0.00522152,-0.04590895,AL, 5
-0.07984940,-0.16744093,AL, 5
-0.27204500,-0.11070124,AL, 5
-0.16502750,-0.04864998,AL, 5
-0.06675651, 0.02121857,AL, 5
-0.16388775, 0.03508514,AL, 5
-0.16901502, 0.11257800,AL, 5
-0.25793280,-0.01373193,AL, 5
-0.26587536,-0.13163164,AL, 5
 0.16230832,-0.01860278,AL, 5
-0.01727406,-0.11520058,AL, 5
-0.20931892,-0.13904994,AL, 5
-0.10322368, 0.01691630,AL, 5
 0.14431634,-0.03921194,AL, 5
-0.00074921,-0.13277221,AL, 5
 0.26217390,-0.04549853,AL, 5
-0.11632354,-0.03660017,AL, 5
-0.30076972,-0.18775054,AL, 5
-0.05516111, 0.02292321,AL, 5
-0.23634674, 0.17604257,AL, 5
-0.10631086,-0.09675985,AL, 5
 0.06840729,-0.15156811,AL, 5
-0.12457674,-0.15861267,AL, 5
-0.33405278,-0.03986026,AL, 5
 0.22238411,-0.04094527,AL, 5
 0.04196500, 0.04087069,AL, 5
 0.05306008,-0.15753111,AL, 5
-0.13331452,-0.02448673,AL, 5
-0.20383158,-0.12690726,AL, 5
-0.08713244, 0.02021162,AL, 5
-0.34435218, 0.03478961,AL, 5
 0.01060000, 0.05498540,AL, 5
-0.18899713,-0.02400603,AL, 5
-0.31946184,-0.04036366,AL, 5
-0.03082119,-0.04565663,AL, 5
-0.19151390, 0.05999617,AL, 5
-0.27366044, 0.02757785,AL, 5
-0.05046605,-0.02313507,AL, 5
-0.20294817, 0.04368810,AL, 5
-0.06929077, 0.01495147,AL, 5
-0.28786973,-0.01901905,AL, 5
-0.25339360,-0.00761603,AL, 5
-0.12712812,-0.07410035,AL, 5
 0.08228516,-0.12900526,AL, 5
-0.09987689, 0.06658912,AL, 5
-0.29255134, 0.07524063,AL, 5
-0.28343405,-0.01869215,AL, 5
-0.34177600,-0.03769821,AL, 5
 0.09627918,-0.09530055,AL, 5
-0.03966897,-0.07501762,AL, 5
 0.14397127,-0.03082539,AL, 5
-0.26801650, 0.06376763,AL, 5
-0.26826728,-0.14568645,AL, 5
-0.33040159,-0.16883025,AL, 5
-0.10023145,-0.07507412,AL, 5
-0.31591243,-0.12956185,AL, 5
-0.12786176,-0.14618261,AL, 5
 0.00267236,-0.13492760,AL, 5
 0.14240546,-0.19372682,AL, 5
 0.24518846,-0.09123078,AL, 5
-0.15023306,-0.08443571,AL, 5
-0.25902367,-0.01631459,AL, 5
-0.27062012,-0.04866708,AL, 5
-0.25294864,-0.05052924,AL, 5
-0.18513906,-0.06652236,AL, 5
-0.10433945, 0.06937347,AL, 5
-0.08312765,-0.06642390,AL, 5
-0.07685473,-0.12723390,AL, 5
-0.32979163, 0.10454599,AL, 5
-0.31996800,-0.14055023,AL, 5
-0.13480828, 0.12571346,AL, 5
-0.14202950, 0.07570885,AL, 5
 0.06786875,-0.04542981,AL, 5
-0.08260217, 0.05479730,AL, 5
-0.35194008,-0.10763280,AL, 5
-0.35741897,-0.11675933,AL, 5
-0.14707286,-0.18620585,AL, 5
-0.12289958,-0.06095559,AL, 5
-0.10465006,-0.10983455,AL, 5
-0.30211157,-0.00172971,AL, 5
-0.27730340, 0.10617300,AL, 5
 0.17414235,-0.03105790,AL, 5
-0.11528710,-0.02950218,AL, 5
-0.18069849, 0.13669631,AL, 5
-0.29184902,-0.10187220,AL, 5
-0.29176735,-0.16876154,AL, 5
-0.07263327,-0.13747755,AL, 5
-0.03030033,-0.03465115,AL, 5
-0.06744120,-0.04319453,AL, 5
 0.00867112, 0.03980416,AL, 5
-0.01957051,-0.09117030,AL, 5
-0.18472120,-0.02071811,AL, 5
-0.14320283,-0.02893185,AL, 5
-0.31906418,-0.17997010,AL, 5
-0.11285838,-0.00769614,AL, 5
 0.01394964,-0.23392519,AL, 5
 0.28140943,-0.17610932,AL, 5
 0.10676436,-0.10482314,AL, 5
-0.15950965,-0.19533847,AL, 5
 0.17434198,-0.02190281,AL, 5
 0.03800186,-0.14953978,AL, 5
 0.26481252,-0.08232542,AL, 5
-0.13798924,-0.17494403,AL, 5
 0.07304505,-0.22606822,AL, 5
 0.35560282,-0.10004887,AL, 5
-0.33356653, 0.03849134,AL, 5
-0.15909200,-0.15480770,AL, 5
 0.05681827,-0.04285970,AL, 5
-0.05320650,-0.19092723,AL, 5
 0.02035183,-0.15077641,AL, 5
-0.18384502,-0.13786153,AL, 5
-0.26151281,-0.16535624,AL, 5
 0.08241936,-0.06335363,AL, 5
 0.12267951,-0.17474687,AL, 5
 0.13235548,-0.14396737,AL, 5
 0.09398250,-0.11695879,AL, 5
 0.24062586,-0.08995052,AL, 5
-0.05318340,-0.01663880,AL, 5
 0.23729128,-0.07828488,AL, 5
 0.10822468,-0.19970147,AL, 5
-0.12084414,-0.05081798,AL, 5
 0.13021182,-0.12822287,AL, 5
 0.00726573,-0.20051700,AL, 5
-0.24956888, 0.01373458,AL, 5
-0.14760280,-0.21755003,AL, 5
-0.10481496,-0.17972259,AL, 5
-0.21888388, 0.09736243,AL, 5
 0.13915174,-0.15221473,AL, 5
 0.15922727,-0.04781372,AL, 5
-0.05664440,-0.02393369,AL, 5
 0.18065461,-0.05376281,AL, 5
-0.24657074, 0.13617509,AL, 5
-0.06906125,-0.00451046,AL, 5
 0.12402889,-0.06682065,AL, 5
-0.12429360, 0.01864497,AL, 5
 0.07247907,-0.11990799,AL, 5
-0.30585975,-0.01828541,AL, 5
 0.06912579,-0.14859512,AL, 5
-0.31473207,-0.15283332,AL, 5
-0.32972578,-0.09877722,AL, 5
 0.24073236,-0.07886681,AL, 5
-0.31139780,-0.03909554,AL, 5
-0.12452830,-0.16671806,AL, 5
-0.26568289,-0.20852412,AL, 5
 0.06831693,-0.09573408,AL, 5
-0.21277728,-0.05597844,AL, 5
 0.01125236, 0.06398064,AL, 5
-0.23327969,-0.14849899,AL, 5
-0.12536088,-0.10703827,AL, 5
-0.06085025, 0.00442120,AL, 5
 0.00162721, 0.03714614,AL, 5
-0.15293843,-0.03065227,AL, 5
-0.35371463,-0.02279593,AL, 5
 0.01420316,-0.02660654,AL, 5
 0.00179549,-0.01954487,AL, 5
 0.05742435,-0.05693224,AL, 5
-0.23920794,-0.01731685,AL, 5
-0.23279579,-0.02102690,AL, 5
-0.15552240, 0.03803039,AL, 5
-0.23482427, 0.00212551,AL, 5
-0.16910896,-0.03724488,AL, 5
-0.12462063,-0.00860610,AL, 5
-0.26329712, 0.03262065,AL, 5
-0.14037816, 0.02464162,AL, 5
-0.26794506, 0.08055133,AL, 5
-0.28631467,-0.07468730,AL, 5
-0.27055981,-0.01845025,AL, 5
 0.00347779,-0.03451850,AL, 5
-0.13081188,-0.05041844,AL, 5
-0.07816272,-0.15722657,AL, 5
-0.29457805, 0.08572409,AL, 5
-0.15888892,-0.18929559,AL, 5
 0.09681625,-0.09513008,AL, 5
-0.16572564,-0.04763483,AL, 5
 0.03319623,-0.03029835,AL, 5
-0.30490531,-0.08380075,AL, 5
 0.07030523,-0.07150667,AL, 5
-0.15414473,-0.01220420,AL, 5
-0.31261305, 0.04020047,AL, 5
-0.14239510, 0.04353849,AL, 5
-0.15911143, 0.16789790,AL, 5
-0.08394948, 0.07152577,AL, 5
-0.15747241,-0.01275573,AL, 5
-0.08595454,-0.02802667,AL, 5
 0.02881086,-0.06128431,AL, 5
-0.14994496, 0.14266555,AL, 5
-0.28916148,-0.11027794,AL, 5
 0.03492716,-0.11102692,AL, 5
-0.27032122,-0.15861870,AL, 5
 0.23200156,-0.14068536,AL, 5
-0.15023359, 0.11049146,AL, 5
-0.26089447, 0.11351674,AL, 5
-0.19325480, 0.03861764,AL, 5
-0.10048388,-0.18225411,AL, 5
-0.28807118,-0.02479342,AL, 5
-0.05362858,-0.04212839,AL, 5
-0.32593307, 0.08798050,AL, 5
-0.01045620,-0.11916801,AL, 5
-0.20307176, 0.01851910,AL, 5
 0.09015838,-0.00435581,AL, 5
 0.17028757,-0.15590022,AL, 5
-0.17220428, 0.01248289,AL, 5
-0.08892419,-0.01118870,AL, 5
-0.08403974,-0.04944776,AL, 5
-0.19185676, 0.09356947,AL, 5
-0.25929466,-0.18891197,AL, 5
 0.10217821,-0.01776166,AL, 5
-0.03518269, 0.09410561,AL, 5
-0.31898055,-0.10207760,AL, 5
-0.08472647, 0.06004432,AL, 5
-0.05454298,-0.15560324,AL, 5
-0.23082724,-0.20205428,AL, 5
 0.00620645,-0.01635004,AL, 5
-0.11498836, 0.03182716,AL, 5
-0.00060923,-0.09116596,AL, 5
-0.08622092, 0.03330550,AL, 5
 0.06142472,-0.12602001,AL, 5
-0.21222471,-0.14162119,AL, 5
-0.29858851,-0.03557719,AL, 5
-0.00016880,-0.00182393,AL, 5
-0.15963219, 0.09468311,AL, 5
 0.08103890, 0.05335663,AL, 5
 0.02399567, 0.03118085,AL, 5
-0.15815962, 0.04703059,AL, 5
-0.26282815,-0.04448638,AL, 5
-0.20630587,-0.09064915,AL, 5
-0.21240480,-0.09773412,AL, 5
-0.24249240,-0.08922604,AL, 5
 0.12992238, 0.01231864,AL, 5
-0.18913825,-0.02481667,AL, 5
 0.15596458,-0.08771443,AL, 5
-0.11149176,-0.03057881,AL, 5
-0.22740948, 0.00447264,AL, 5
 0.10183221,-0.07445464,AL, 5
 0.00320900,-0.23354094,AL, 5
 0.11073232,-0.02513228,AL, 5
-0.18473430, 0.06105804,AL, 5
 0.04083256,-0.03835911,AL, 5
-0.08152391,-0.13869438,AL, 5
-0.27697197,-0.02228302,AL, 5
-0.25957479,-0.06333847,AL, 5
-0.32065588,-0.01936535,AL, 5
-0.29676012, 0.04292104,AL, 5
-0.32139567,-0.01239378,AL, 5
-0.23229579, 0.05468328,AL, 5
 0.05644062,-0.02811870,AL, 5
-0.02702696,-0.09575181,AL, 5
-0.16143359, 0.04692759,AL, 5
-0.26729698, 0.14823662,AL, 5
-0.32258644, 0.02070653,AL, 5
-0.09106164,-0.09996246,AL, 5
-0.35156207,-0.07740562,AL, 5
-0.15201922,-0.03807085,AL, 5
-0.22005767,-0.02351935,AL, 5
-0.10486128,-0.11240322,AL, 5
-0.09305167,-0.08034132,AL, 5
-0.26674021,-0.00639710,AL, 5
-0.25551604, 0.13564894,AL, 5
-0.17503263, 0.05759069,AL, 5
-0.29816619, 0.06253450,AL, 5
-0.26030561,-0.05875911,AL, 5
-0.26097435, 0.02840836,AL, 5
-0.29355897,-0.04438381,AL, 5
-0.01644249,-0.08317887,AL, 5
-0.27020919, 0.00666890,AL, 5
-0.03328116, 0.05902402,AL, 5
-0.33437869,-0.06750290,AL, 5
-0.25403919,-0.23802208,AL, 5
-0.05547535,-0.00697130,AL, 5
 0.05528708,-0.06447056,AL, 5
-0.06166939,-0.04843414,AL, 5
-0.15926404,-0.07712692,AL, 5
 0.06578567,-0.12330812,AL, 5
-0.35307119,-0.11238548,AL, 5
-0.06225887,-0.20822246,AL, 5
 0.14180363,-0.09027217,AL, 5
 0.28765332,-0.13263435,AL, 5
 0.08346151,-0.09456293,AL, 5
-0.32142301, 0.08648593,AL, 5
-0.20358631, 0.12039763,AL, 5
-0.10957227,-0.02805796,AL, 5
-0.16999153, 0.11401947,AL, 5
-0.02718822,-0.19254280,AL, 5
 0.04355382,-0.02807251,AL, 5
-0.07215207,-0.09787382,AL, 5
-0.26544907, 0.04730055,AL, 5
-0.11274100, 0.04864216,AL, 5
 0.05099506, 0.01124057,AL, 5
-0.24083003, 0.05380599,AL, 5
-0.28969165,-0.11636920,AL, 5
-0.23851187,-0.12046881,AL, 5
-0.28194466,-0.01185421,AL, 5
-0.34253900, 0.06706570,AL, 5
 0.08708424,-0.06953381,AL, 5
 0.00126906,-0.08072237,AL, 5
-0.28444296,-0.13818305,AL, 5
-0.31012018,-0.17203860,AL, 5
-0.17830960,-0.00127300,AL, 5
-0.15356493, 0.05351037,AL, 5
 0.31391658,-0.11748198,AL, 5
 0.21306841,-0.13727538,AL, 5
-0.08030846, 0.02348968,AL, 5
-0.06436354,-0.12118799,AL, 5
-0.23071797,-0.00277606,AL, 5
 0.08720143,-0.02850085,AL, 5
 0.09301092,-0.05888160,AL, 5
-0.00889950,-0.09827512,AL, 5
-0.03041527,-0.03974905,AL, 5
-0.26507283,-0.14795598,AL, 5
 0.03429551,-0.17657259,AL, 5
-0.15026918, 0.07261899,AL, 5
-0.08863926,-0.05172988,AL, 5
-0.15779174,-0.15917842,AL, 5
-0.12646421, 0.11792594,AL, 5
-0.19285605,-0.18064032,AL, 5
-0.29255690, 0.07322210,AL, 5
 0.33589996,-0.14636262,AL, 5
 0.09225789, 0.00155513,AL, 5
-0.10989103, 0.04341006,AL, 5
 0.01929586,-0.12906641,AL, 5
-0.15309359, 0.08842081,AL, 5
-0.00818965,-0.29029574,AL, 5
-0.33039353,-0.11899704,AL, 5
-0.26181193,-0.03430443,AL, 5
-0.12642331,-0.14311702,AL, 5
-0.23371518,-0.18652103,AL, 5
-0.28016841,-0.11175094,AL, 5
-0.30825550,-0.24441142,AL, 5
-0.33631078,-0.08833494,AL, 5
-0.15594172,-0.08507631,AL, 5
-0.20021602,-0.12868613,AL, 5
 0.01940398,-0.02635325,AL, 5
-0.18026481,-0.20938956,AL, 5
-0.30755061,-0.24392266,AL, 5
-0.06557020,-0.13307530,AL, 5
 0.02468782,-0.13592631,AL, 5
-0.27299305,-0.20956890,AL, 5
-0.25772490,-0.07422620,AL, 5
 0.25132496,-0.08317714,AL, 5
-0.01198188,-0.17344949,AL, 5
-0.29213069,-0.14391748,AL, 5
 0.09584400,-0.07020955,AL, 5
-0.22688658,-0.12357631,AL, 5
-0.21168876,-0.15854035,AL, 5
-0.13939358,-0.16799391,AL, 5
-0.15230398, 0.02146563,AL, 5
 0.09982062,-0.03016074,AL, 5
-0.24834890,-0.23046169,AL, 5
-0.24777652,-0.13953414,AL, 5
-0.23128452, 0.03644844,AL, 5
 0.08335346,-0.02663606,AL, 5
 0.01826436, 0.02481964,AL, 5
-0.25723753,-0.06940949,AL, 5
-0.08283373, 0.01971872,AL, 5
 0.06169204,-0.01787397,AL, 5
 0.03264981,-0.07133117,AL, 5
-0.34926114,-0.14608084,AL, 5
-0.29605844, 0.02400732,AL, 5
-0.30652295, 0.01303658,AL, 5
-0.01051600,-0.08003024,AL, 5
-0.18721192, 0.00242953,AL, 5
-0.15087421,-0.14313693,AL, 5
 0.03740499,-0.02380715,AL, 5
-0.04690057, 0.03233506,AL, 5
 0.08302706,-0.15698438,AL, 5
-0.25811505, 0.03795423,AL, 5
-0.17333249, 0.07222295,AL, 5
-0.22645572,-0.12904689,AL, 5
-0.32912790, 0.05596683,AL, 5
-0.05517517, 0.01295290,AL, 5
-0.03897984, 0.01346667,AL, 5
-0.35290281,-0.10187691,AL, 5
-0.10412955,-0.01468780,AL, 5
 0.00617702,-0.01820517,AL, 5
-0.17919344, 0.09886675,AL, 5
 0.02546187,-0.11926453,AL, 5
-0.19072661,-0.11655003,AL, 5
-0.31435062,-0.02205565,AL, 5
-0.23948879,-0.08572820,AL, 5
-0.28380898, 0.06992336,AL, 5
-0.26341429,-0.01670275,AL, 5
-0.19475348,-0.00994615,AL, 5
-0.34964021,-0.06473702,AL, 5
-0.15272312,-0.03646755,AL, 5
-0.22188692,-0.08326182,AL, 5
-0.04400749, 0.05991549,AL, 5
-0.02100625, 0.07176306,AL, 5
-0.25345964, 0.13993752,AL, 5
 0.16117165,-0.04593791,AL, 5
-0.16375500,-0.04307142,AL, 5
-0.19413588, 0.02894897,AL, 5
-0.31712809,-0.19636832,AL, 5
 0.01099361, 0.00089243,AL, 5
-0.17393270, 0.09900461,AL, 5
-0.34128167, 0.01868641,AL, 5
 0.09787342,-0.26467641,AL, 5
-0.21004146,-0.09674961,AL, 5
-0.20274355,-0.15631160,AL, 5
-0.02300477, 0.01424708,AL, 5
 0.33463253,-0.11122561,AL, 5
-0.28685284, 0.08634081,AL, 5
-0.22214246, 0.05158896,AL, 5
-0.18748335, 0.09255603,AL, 5
 0.01882109, 0.01957591,AL, 5
-0.16546998,-0.02092771,AL, 5
 0.24323585,-0.12180229,AL, 5
 0.17901977,-0.12161900,AL, 5
 0.04032734,-0.03788745,AL, 5
-0.25140470,-0.26122748,AL, 5
-0.02756423,-0.14146459,AL, 5
-0.23554161,-0.17323921,AL, 5
 0.02321997,-0.22789266,AL, 5
-0.25468071,-0.02544074,AL, 5
-0.31453284,-0.13069610,AL, 5
-0.01005456,-0.12591654,AL, 5
-0.27632622,-0.09341671,AL, 5
-0.04050656,-0.14387159,AL, 5
-0.16965103,-0.19938943,AL, 5
 0.07933184,-0.08748259,AL, 5
-0.15129781,-0.12053403,AL, 5
-0.30357509,-0.05840809,AL, 5
 0.18160095,-0.10003884,AL, 5
-0.16540142,-0.12221795,AL, 5
-0.02955886,-0.17530583,AL, 5
 0.00844317,-0.17644828,AL, 5
-0.21002461,-0.19078702,AL, 5
-0.24039350, 0.11648504,AL, 5
-0.21555278,-0.01322524,AL, 5
-0.19581735,-0.04498415,AL, 5
 0.10595855, 0.00226325,AL, 5
-0.12433112,-0.04820858,AL, 5
-0.19389239,-0.00374641,AL, 5
 0.14502315,-0.04010343,AL, 5
 0.20427626,-0.13847425,AL, 5
 0.15125171, 0.00229701,AL, 5
 0.03070451,-0.01663270,AL, 5
 0.29900126,-0.10829328,AL, 5
-0.23476126,-0.11720384,AL, 5
 0.11372647,-0.14601310,AL, 5
 0.26495063,-0.07556368,AL, 5
 0.23914107,-0.10993071,AL, 5
 0.36964300,-0.07031048,AL, 5
-0.18085163,-0.18845287,AL, 5
-0.17272869, 0.11641409,AL, 5
-0.00334324, 0.03832892,AL, 5
 0.11501209,-0.08030071,AL, 5
-0.26217257,-0.27779897,AL, 5
 0.03328688,-0.11888064,AL, 5
-0.29951529,-0.00233062,AL, 5
-0.14748831, 0.11263541,AL, 5
-0.09937731,-0.19387006,AL, 5
-0.13375801, 0.08285513,AL, 5
 0.13950610,-0.04575935,AL, 5
 0.07860285,-0.08183293,AL, 5
 0.01587359, 0.00632710,AL, 5
-0.08389663, 0.06799466,AL, 5
-0.13215730,-0.14194741,AL, 5
 0.10961886, 0.00188750,AL, 5
-0.02715645, 0.01580638,AL, 5
 0.07076112,-0.16357253,AL, 5
 0.02552168,-0.02636450,AL, 5
-0.26788522,-0.17489957,AL, 5
-0.22178188,-0.14690741,AL, 5
-0.17575238,-0.07418983,AL, 5
-0.10731962,-0.07825046,AL, 5
-0.17623977,-0.03662628,AL, 5
-0.20210255,-0.05059501,AL, 5
 0.04410967,-0.04165894,AL, 5
-0.16986140, 0.00803308,AL, 5
-0.32689671,-0.03032134,AL, 5
 0.12204504,-0.07977025,AL, 5
-0.09442536,-0.18157738,AL, 5
