Diet.5mo.as.AL,log10relab
1D, 0.46503466
AL, 0.38672839
1D, 0.24398922
20, 0.24013471
1D, 0.23055159
AL, 0.21802781
20, 0.21629782
AL, 0.20083678
2D, 0.19576135
2D, 0.19346715
AL, 0.18839137
1D, 0.18703691
1D, 0.16842310
2D, 0.16314400
AL, 0.16131356
1D, 0.14969275
2D, 0.14952188
2D, 0.14889889
1D, 0.14463489
1D, 0.14053013
2D, 0.14019274
1D, 0.13648178
AL, 0.13448310
2D, 0.12721392
1D, 0.12674195
AL, 0.12482784
AL, 0.12138825
1D, 0.12081654
2D, 0.12024272
AL, 0.08168319
2D, 0.08091036
2D, 0.07572467
1D, 0.07156060
1D, 0.06090186
2D, 0.05998533
2D, 0.05844333
1D, 0.05762254
AL, 0.05407570
AL, 0.05384768
2D, 0.05066273
AL, 0.04757203
AL, 0.04593364
2D, 0.04303349
2D, 0.04168112
AL, 0.03951339
2D, 0.03415915
1D, 0.02490778
2D, 0.02391976
AL, 0.02081999
2D, 0.01667950
2D, 0.01544496
AL, 0.01469598
AL, 0.01024421
AL, 0.00463754
2D, 0.00327016
1D,-0.00681328
20,-0.00698396
2D,-0.01262274
AL,-0.01999785
2D,-0.02034305
AL,-0.02174778
AL,-0.02287236
40,-0.02401026
1D,-0.02512320
1D,-0.02731524
AL,-0.03086529
20,-0.03130209
20,-0.03306627
AL,-0.03409177
AL,-0.03525682
2D,-0.03529397
2D,-0.03570506
1D,-0.03631581
1D,-0.03902407
20,-0.04134868
AL,-0.04230144
1D,-0.04335408
AL,-0.04344889
1D,-0.04407140
1D,-0.04513305
20,-0.04826405
1D,-0.05093480
20,-0.05214983
20,-0.05226220
AL,-0.05301848
1D,-0.05319870
AL,-0.05610237
AL,-0.05658023
AL,-0.05863310
AL,-0.05994039
2D,-0.06002177
2D,-0.06149987
AL,-0.06327363
2D,-0.06349832
AL,-0.06352143
AL,-0.06428408
2D,-0.06431600
2D,-0.06442032
1D,-0.06532927
1D,-0.06714765
1D,-0.06733698
AL,-0.07269778
1D,-0.07564998
2D,-0.07605900
AL,-0.07738529
1D,-0.07761377
1D,-0.07833327
1D,-0.08027715
1D,-0.08221280
1D,-0.08235501
AL,-0.08635632
AL,-0.08659891
2D,-0.08668564
20,-0.08673759
2D,-0.08819973
AL,-0.08907324
AL,-0.08961626
2D,-0.08991573
2D,-0.09208220
2D,-0.09341365
AL,-0.09349818
AL,-0.09605593
AL,-0.09852263
1D,-0.09864263
2D,-0.09884565
2D,-0.09975078
1D,-0.09991161
AL,-0.10029563
2D,-0.10042635
AL,-0.10192810
2D,-0.10215248
2D,-0.10235002
AL,-0.10421288
AL,-0.10491715
2D,-0.10567882
20,-0.10592394
2D,-0.10640427
20,-0.10644815
1D,-0.10696383
2D,-0.10770987
1D,-0.10771985
2D,-0.10884418
AL,-0.10891125
AL,-0.10997041
2D,-0.11041156
AL,-0.11126609
AL,-0.11263326
2D,-0.11452696
AL,-0.11741339
AL,-0.11843107
AL,-0.11961901
20,-0.12006879
AL,-0.12041483
20,-0.12063151
AL,-0.12180572
AL,-0.12226581
20,-0.12443902
20,-0.12447607
AL,-0.12514036
1D,-0.12542262
AL,-0.12550302
AL,-0.12560401
1D,-0.12577758
2D,-0.12589256
2D,-0.12668155
AL,-0.12743068
AL,-0.12793963
AL,-0.12922302
20,-0.12930534
AL,-0.13206257
AL,-0.13298504
AL,-0.13314074
2D,-0.13476604
2D,-0.13526248
AL,-0.13633516
20,-0.13719337
2D,-0.13744367
1D,-0.13804457
AL,-0.14001397
1D,-0.14036828
AL,-0.14134292
AL,-0.14245964
1D,-0.14267353
AL,-0.14465742
2D,-0.14673333
40,-0.14778102
2D,-0.14872471
1D,-0.14882048
AL,-0.14883919
1D,-0.14944245
20,-0.14986683
1D,-0.15057545
AL,-0.15094736
20,-0.15169009
AL,-0.15228443
20,-0.15526783
AL,-0.15540092
1D,-0.15624059
AL,-0.15672641
AL,-0.15690997
AL,-0.15706004
20,-0.15790147
2D,-0.15876101
AL,-0.15947748
AL,-0.16000474
AL,-0.16157180
1D,-0.16184218
AL,-0.16235755
AL,-0.16394513
AL,-0.16486172
2D,-0.16617385
1D,-0.16628611
AL,-0.16661336
1D,-0.16719329
2D,-0.16926102
AL,-0.16967352
AL,-0.16999427
1D,-0.17009717
1D,-0.17198200
AL,-0.17416016
2D,-0.17543033
AL,-0.17626849
1D,-0.17644149
20,-0.17649770
20,-0.17770185
1D,-0.17773043
AL,-0.17898508
AL,-0.17909464
20,-0.18046541
AL,-0.18051663
1D,-0.18118937
20,-0.18215885
1D,-0.18233366
AL,-0.18497371
1D,-0.18503908
1D,-0.18624103
AL,-0.18642289
20,-0.18725965
AL,-0.18829266
AL,-0.19052493
AL,-0.19068205
AL,-0.19129540
2D,-0.19144600
AL,-0.19232057
20,-0.19330844
20,-0.19394030
AL,-0.19548871
2D,-0.19576468
AL,-0.19617641
AL,-0.19630564
2D,-0.19705701
1D,-0.19876192
AL,-0.19905988
2D,-0.19939673
20,-0.19950985
AL,-0.20052799
AL,-0.20086244
20,-0.20100659
AL,-0.20147405
2D,-0.20315067
AL,-0.20582903
2D,-0.20705491
1D,-0.20852454
2D,-0.20932337
AL,-0.21027092
1D,-0.21113123
AL,-0.21149103
AL,-0.21330364
2D,-0.21371755
1D,-0.21461171
AL,-0.21483327
AL,-0.21541431
1D,-0.21544194
1D,-0.21598956
AL,-0.21745305
20,-0.21820336
20,-0.21820709
AL,-0.21841290
AL,-0.21866224
AL,-0.21958487
2D,-0.21961651
1D,-0.22031747
2D,-0.22045990
AL,-0.22103251
2D,-0.22379714
AL,-0.22395435
20,-0.22497964
2D,-0.22507077
40,-0.22568538
AL,-0.22623730
2D,-0.22731327
20,-0.22747482
1D,-0.22800954
2D,-0.22826612
AL,-0.22893061
1D,-0.22949049
1D,-0.23050732
AL,-0.23157834
AL,-0.23317412
AL,-0.23493604
AL,-0.23506793
1D,-0.23518705
AL,-0.23667412
2D,-0.23694850
1D,-0.23696927
2D,-0.23779146
1D,-0.23819795
1D,-0.23820550
AL,-0.23933248
20,-0.24072763
1D,-0.24172195
1D,-0.24200940
AL,-0.24226802
20,-0.24261822
AL,-0.24311475
20,-0.24349516
2D,-0.24370157
AL,-0.24407948
1D,-0.24429629
2D,-0.24429944
AL,-0.24481497
1D,-0.24565786
AL,-0.24575815
2D,-0.24655033
AL,-0.24703306
1D,-0.24779624
1D,-0.24833845
AL,-0.24834529
2D,-0.24844673
AL,-0.24880903
1D,-0.24974604
2D,-0.25074949
AL,-0.25259600
AL,-0.25264227
2D,-0.25272146
2D,-0.25286515
20,-0.25370458
2D,-0.25388680
AL,-0.25435139
1D,-0.25598051
AL,-0.25610339
1D,-0.25629560
AL,-0.25706590
1D,-0.25714510
2D,-0.25733424
AL,-0.25866006
2D,-0.25885394
2D,-0.25932995
AL,-0.25953425
1D,-0.25997924
1D,-0.26214407
20,-0.26228044
1D,-0.26240349
AL,-0.26273588
1D,-0.26355266
AL,-0.26355886
AL,-0.26358864
20,-0.26372014
AL,-0.26391041
1D,-0.26475400
AL,-0.26527350
1D,-0.26554580
AL,-0.26691094
2D,-0.26818634
2D,-0.26917576
1D,-0.27171398
AL,-0.27185236
1D,-0.27217878
AL,-0.27299589
1D,-0.27329013
AL,-0.27505614
20,-0.27527311
AL,-0.27536511
AL,-0.27608059
20,-0.27779095
AL,-0.27882841
AL,-0.28164031
2D,-0.28249874
1D,-0.28272431
AL,-0.28291550
AL,-0.28352782
2D,-0.28402355
AL,-0.28516613
2D,-0.28560413
AL,-0.28602206
AL,-0.28615686
AL,-0.28756995
20,-0.28757355
2D,-0.28804699
20,-0.28835459
2D,-0.29133364
2D,-0.29218202
2D,-0.29247396
AL,-0.29260592
20,-0.29264250
1D,-0.29266865
20,-0.29297772
AL,-0.29312176
1D,-0.29556866
AL,-0.29569324
AL,-0.29587303
AL,-0.29660127
1D,-0.29685161
2D,-0.29712703
40,-0.29721910
AL,-0.29778215
1D,-0.29780610
40,-0.29791839
1D,-0.29862653
AL,-0.29918183
AL,-0.29984401
AL,-0.30007714
AL,-0.30043485
AL,-0.30063691
AL,-0.30064123
2D,-0.30069586
AL,-0.30292923
2D,-0.30387109
20,-0.30421975
AL,-0.30428801
2D,-0.30452477
AL,-0.30495228
AL,-0.30495748
2D,-0.30513964
AL,-0.30537743
1D,-0.30597952
AL,-0.30628103
20,-0.30665718
1D,-0.30675706
AL,-0.30683865
2D,-0.30705234
2D,-0.30719497
AL,-0.30775897
2D,-0.30777476
AL,-0.30847452
AL,-0.30854899
2D,-0.30932664
1D,-0.30974908
2D,-0.31012612
1D,-0.31015929
AL,-0.31042094
20,-0.31068019
2D,-0.31303926
2D,-0.31401247
AL,-0.31404602
40,-0.31419172
1D,-0.31455492
AL,-0.31470190
2D,-0.31515092
40,-0.31589668
2D,-0.31606216
2D,-0.31609652
40,-0.31683764
1D,-0.31691397
2D,-0.31693881
AL,-0.31703748
AL,-0.31707403
2D,-0.31713817
1D,-0.31749592
20,-0.31754200
1D,-0.31786129
1D,-0.31791859
1D,-0.31813219
AL,-0.31848189
AL,-0.31861871
2D,-0.31958318
AL,-0.32026569
1D,-0.32083986
2D,-0.32181642
2D,-0.32199648
2D,-0.32319423
2D,-0.32397070
AL,-0.32441190
AL,-0.32466320
AL,-0.32479318
2D,-0.32515174
20,-0.32543740
40,-0.32603084
20,-0.32724149
1D,-0.32725292
AL,-0.32752008
AL,-0.32800467
AL,-0.32825081
AL,-0.32883866
20,-0.32912710
2D,-0.33063927
1D,-0.33089356
2D,-0.33156375
AL,-0.33195519
AL,-0.33225672
AL,-0.33269123
2D,-0.33349821
2D,-0.33418696
2D,-0.33454766
AL,-0.33465878
2D,-0.33679664
AL,-0.33768061
20,-0.33967411
20,-0.34014419
20,-0.34076617
AL,-0.34083221
1D,-0.34108384
AL,-0.34110525
AL,-0.34123095
AL,-0.34124667
2D,-0.34198665
40,-0.34263175
40,-0.34267213
1D,-0.34316113
AL,-0.34320082
2D,-0.34400170
2D,-0.34425897
2D,-0.34433712
2D,-0.34435378
AL,-0.34483548
AL,-0.34516821
2D,-0.34519648
20,-0.34523488
AL,-0.34558137
1D,-0.34663441
1D,-0.34782841
1D,-0.34787715
20,-0.34792058
AL,-0.34801080
20,-0.34835950
20,-0.34837515
2D,-0.34864162
2D,-0.34874366
AL,-0.34929437
AL,-0.34936747
1D,-0.34937973
1D,-0.34942128
AL,-0.35026504
2D,-0.35041921
AL,-0.35086461
1D,-0.35088503
AL,-0.35097877
AL,-0.35137697
AL,-0.35190535
AL,-0.35193919
AL,-0.35242964
2D,-0.35259204
2D,-0.35392611
20,-0.35422773
1D,-0.35547447
1D,-0.35569586
20,-0.35584514
AL,-0.35590333
2D,-0.35616731
2D,-0.35700093
40,-0.35700558
2D,-0.35999442
1D,-0.36110771
20,-0.36165137
2D,-0.36325304
AL,-0.36356809
AL,-0.36465751
AL,-0.36502878
2D,-0.36504581
2D,-0.36577213
AL,-0.36647267
AL,-0.36708930
1D,-0.36718219
2D,-0.36732074
AL,-0.36805732
2D,-0.36825435
1D,-0.36837690
2D,-0.36838302
AL,-0.36843344
1D,-0.36874200
20,-0.36926227
2D,-0.36957322
2D,-0.36960533
1D,-0.36981194
2D,-0.37068978
AL,-0.37094386
20,-0.37179357
AL,-0.37216713
20,-0.37217404
2D,-0.37242558
1D,-0.37308211
AL,-0.37324497
AL,-0.37369347
1D,-0.37458466
2D,-0.37568634
1D,-0.37588714
40,-0.37615943
AL,-0.37659550
20,-0.37700162
AL,-0.37736245
1D,-0.37797973
2D,-0.37857531
2D,-0.37899784
1D,-0.37920292
1D,-0.37943290
20,-0.37980415
1D,-0.38113665
1D,-0.38115557
AL,-0.38235253
20,-0.38251054
AL,-0.38273051
2D,-0.38277179
2D,-0.38336994
AL,-0.38372669
1D,-0.38464808
2D,-0.38542952
2D,-0.38590963
1D,-0.38609766
AL,-0.38638667
AL,-0.38774072
AL,-0.38852762
1D,-0.38877659
AL,-0.39046035
1D,-0.39072978
20,-0.39076256
AL,-0.39102006
2D,-0.39110900
20,-0.39132084
AL,-0.39147353
AL,-0.39287456
20,-0.39304115
2D,-0.39345500
2D,-0.39395603
1D,-0.39433739
20,-0.39550803
AL,-0.39574292
AL,-0.39589023
1D,-0.39664442
AL,-0.39670264
2D,-0.39715323
AL,-0.39715734
AL,-0.39748666
AL,-0.39870656
1D,-0.39877164
1D,-0.39887892
1D,-0.39940201
20,-0.39994453
AL,-0.39999735
1D,-0.40043426
AL,-0.40051561
20,-0.40129115
20,-0.40136731
1D,-0.40168787
AL,-0.40229385
AL,-0.40320545
1D,-0.40345828
AL,-0.40396407
AL,-0.40443232
AL,-0.40454564
20,-0.40457452
2D,-0.40493425
2D,-0.40552067
AL,-0.40671626
AL,-0.40674995
2D,-0.40681409
AL,-0.40759449
20,-0.40829710
AL,-0.40895118
AL,-0.40950862
AL,-0.40962222
1D,-0.40983342
1D,-0.41000512
1D,-0.41009014
20,-0.41018798
AL,-0.41096279
AL,-0.41186126
AL,-0.41229078
1D,-0.41426861
1D,-0.41483874
AL,-0.41562339
40,-0.41576283
1D,-0.41584739
AL,-0.41643503
1D,-0.41656588
AL,-0.41668196
2D,-0.41899169
20,-0.41988625
1D,-0.41996473
AL,-0.42063343
AL,-0.42081280
40,-0.42086198
AL,-0.42128644
1D,-0.42216382
AL,-0.42225338
AL,-0.42408305
AL,-0.42477482
2D,-0.42484500
20,-0.42601316
AL,-0.42688899
2D,-0.42694897
2D,-0.42696911
AL,-0.42727679
AL,-0.42730931
AL,-0.42748296
AL,-0.42789543
20,-0.42825514
2D,-0.42870156
AL,-0.42894701
1D,-0.42914328
AL,-0.42917795
1D,-0.42921052
1D,-0.42943932
1D,-0.42945734
2D,-0.43035910
2D,-0.43059726
AL,-0.43124099
AL,-0.43229386
AL,-0.43261207
AL,-0.43311343
AL,-0.43331195
AL,-0.43371429
2D,-0.43376847
AL,-0.43394333
AL,-0.43501416
AL,-0.43537642
AL,-0.43552256
AL,-0.43645783
2D,-0.43754018
AL,-0.43769046
2D,-0.43804599
2D,-0.43821218
AL,-0.43852521
2D,-0.43925767
1D,-0.43971441
AL,-0.43996640
20,-0.44003325
AL,-0.44056577
AL,-0.44111965
1D,-0.44125827
20,-0.44180738
AL,-0.44235900
20,-0.44268960
2D,-0.44279801
20,-0.44293350
2D,-0.44316423
1D,-0.44348428
20,-0.44378990
2D,-0.44389526
AL,-0.44462969
AL,-0.44472787
1D,-0.44486688
1D,-0.44490302
20,-0.44513659
AL,-0.44615385
20,-0.44748115
AL,-0.44759960
40,-0.45001617
2D,-0.45032996
AL,-0.45036083
1D,-0.45057508
2D,-0.45071772
1D,-0.45089563
20,-0.45116704
AL,-0.45145675
20,-0.45225635
20,-0.45270336
2D,-0.45300168
2D,-0.45364128
2D,-0.45365043
AL,-0.45468594
1D,-0.45597459
AL,-0.45611170
2D,-0.45621069
2D,-0.45651791
2D,-0.45710553
AL,-0.45725877
20,-0.45774159
AL,-0.45793409
2D,-0.45901482
2D,-0.45913580
AL,-0.45914935
1D,-0.45918745
AL,-0.45994091
20,-0.46004982
AL,-0.46035199
AL,-0.46101627
AL,-0.46146956
40,-0.46228456
20,-0.46285424
AL,-0.46449219
AL,-0.46452285
1D,-0.46485003
20,-0.46490796
AL,-0.46606426
AL,-0.46615344
AL,-0.46616588
AL,-0.46639677
2D,-0.46674214
2D,-0.46715488
AL,-0.46774979
20,-0.46818589
AL,-0.46831105
2D,-0.46925258
AL,-0.46936937
20,-0.47002422
2D,-0.47072426
20,-0.47110388
AL,-0.47124517
2D,-0.47174627
AL,-0.47237610
2D,-0.47324674
20,-0.47405284
1D,-0.47406388
2D,-0.47412240
AL,-0.47459417
1D,-0.47532610
20,-0.47599547
1D,-0.47615919
AL,-0.47644801
20,-0.47650476
40,-0.47695170
AL,-0.47697627
1D,-0.47729296
AL,-0.47759068
AL,-0.47970431
AL,-0.48038313
AL,-0.48045872
2D,-0.48057865
AL,-0.48076854
2D,-0.48098741
1D,-0.48143309
1D,-0.48151102
2D,-0.48179617
20,-0.48234724
AL,-0.48319539
2D,-0.48444425
AL,-0.48477115
1D,-0.48539137
AL,-0.48578358
AL,-0.48597125
1D,-0.48631534
AL,-0.48720188
AL,-0.48723214
2D,-0.48759938
AL,-0.48768123
2D,-0.48776670
20,-0.48810238
1D,-0.48871584
2D,-0.48921819
20,-0.49032664
2D,-0.49070463
2D,-0.49098463
AL,-0.49147732
2D,-0.49199893
AL,-0.49211692
2D,-0.49225071
20,-0.49248304
2D,-0.49259200
2D,-0.49302886
AL,-0.49303348
AL,-0.49323639
AL,-0.49351276
1D,-0.49379123
AL,-0.49388498
2D,-0.49391583
AL,-0.49392159
2D,-0.49406532
2D,-0.49459388
AL,-0.49565121
40,-0.49590196
AL,-0.49604806
20,-0.49643364
1D,-0.49673975
2D,-0.49681123
AL,-0.49753393
1D,-0.49881175
AL,-0.50002931
AL,-0.50003618
1D,-0.50027380
1D,-0.50050932
AL,-0.50140161
20,-0.50215476
2D,-0.50256803
AL,-0.50329981
AL,-0.50331380
2D,-0.50344532
AL,-0.50382101
AL,-0.50426397
2D,-0.50439468
40,-0.50477800
20,-0.50506952
AL,-0.50511177
20,-0.50515299
20,-0.50544106
2D,-0.50599032
2D,-0.50621068
20,-0.50640898
2D,-0.50656396
40,-0.50680937
20,-0.50687617
2D,-0.50767634
1D,-0.50770711
AL,-0.50847444
AL,-0.50869877
2D,-0.50883117
2D,-0.50918801
40,-0.50946021
20,-0.50947794
AL,-0.51003346
AL,-0.51014288
2D,-0.51015964
20,-0.51037490
20,-0.51067762
1D,-0.51081422
2D,-0.51090964
20,-0.51123303
1D,-0.51127715
40,-0.51192553
AL,-0.51200942
AL,-0.51229599
40,-0.51233309
AL,-0.51243527
AL,-0.51265710
AL,-0.51286333
1D,-0.51342016
1D,-0.51343261
AL,-0.51381082
AL,-0.51398143
2D,-0.51409366
1D,-0.51439084
40,-0.51502268
1D,-0.51594566
1D,-0.51603448
1D,-0.51651747
1D,-0.51679080
20,-0.51741241
2D,-0.51753418
AL,-0.51830597
20,-0.51866570
AL,-0.51902141
2D,-0.51936692
AL,-0.51967669
AL,-0.51971034
1D,-0.51984954
AL,-0.52013671
1D,-0.52013679
AL,-0.52070260
1D,-0.52093825
20,-0.52129415
1D,-0.52392068
2D,-0.52431556
AL,-0.52456515
AL,-0.52474179
AL,-0.52485219
1D,-0.52577302
AL,-0.52583699
AL,-0.52657270
1D,-0.52725015
AL,-0.52756575
1D,-0.52857751
AL,-0.52859639
1D,-0.52863779
20,-0.52884953
2D,-0.52895190
2D,-0.52998320
AL,-0.53051913
2D,-0.53086986
2D,-0.53093622
AL,-0.53104410
AL,-0.53119687
1D,-0.53155409
40,-0.53180628
AL,-0.53214574
1D,-0.53231516
AL,-0.53235619
20,-0.53415415
20,-0.53431223
20,-0.53443246
1D,-0.53525626
20,-0.53538994
20,-0.53549250
1D,-0.53586091
AL,-0.53595619
20,-0.53654029
1D,-0.53672088
2D,-0.53730308
AL,-0.53742370
2D,-0.53757379
AL,-0.53766602
2D,-0.53770717
20,-0.53885509
AL,-0.53936816
20,-0.53947476
2D,-0.53980902
AL,-0.54005009
2D,-0.54022710
AL,-0.54060879
20,-0.54073864
AL,-0.54247936
2D,-0.54299264
AL,-0.54319783
2D,-0.54327706
AL,-0.54349269
20,-0.54416580
2D,-0.54476381
2D,-0.54486818
2D,-0.54518726
20,-0.54569771
1D,-0.54610791
AL,-0.54629789
2D,-0.54745668
2D,-0.54954780
2D,-0.54978735
AL,-0.55055927
1D,-0.55092834
AL,-0.55094424
1D,-0.55106410
AL,-0.55129634
20,-0.55150423
1D,-0.55151642
2D,-0.55162648
AL,-0.55195626
2D,-0.55309103
1D,-0.55392629
AL,-0.55444936
AL,-0.55522886
1D,-0.55561611
40,-0.55587445
AL,-0.55718340
1D,-0.55737265
40,-0.55737415
1D,-0.55756901
1D,-0.55802062
AL,-0.55889508
AL,-0.55905765
1D,-0.55936032
AL,-0.55947901
2D,-0.56059253
2D,-0.56060328
AL,-0.56070469
AL,-0.56072373
20,-0.56128350
20,-0.56162950
AL,-0.56202661
AL,-0.56222663
AL,-0.56225983
AL,-0.56267312
2D,-0.56316516
1D,-0.56359614
40,-0.56377906
1D,-0.56385521
AL,-0.56389928
AL,-0.56430201
AL,-0.56435537
AL,-0.56462288
2D,-0.56471365
2D,-0.56510490
20,-0.56516972
AL,-0.56519895
AL,-0.56526670
AL,-0.56526812
AL,-0.56581668
AL,-0.56597092
AL,-0.56621957
1D,-0.56640306
AL,-0.56658705
2D,-0.56674209
1D,-0.56737145
2D,-0.56751416
AL,-0.56766732
AL,-0.56822306
2D,-0.56834328
2D,-0.56843618
AL,-0.56977558
1D,-0.56987473
2D,-0.57011199
40,-0.57039329
2D,-0.57039672
AL,-0.57064215
1D,-0.57095502
1D,-0.57116008
AL,-0.57119585
AL,-0.57194660
AL,-0.57224697
AL,-0.57224925
1D,-0.57306415
AL,-0.57357427
2D,-0.57395334
AL,-0.57398909
1D,-0.57453753
AL,-0.57514385
2D,-0.57528312
2D,-0.57575470
AL,-0.57617265
20,-0.57640166
AL,-0.57717702
AL,-0.57775840
AL,-0.57809262
AL,-0.57860735
1D,-0.57873645
40,-0.57909102
40,-0.57919555
1D,-0.57938900
40,-0.57939103
2D,-0.57941898
AL,-0.57943394
AL,-0.58032641
2D,-0.58052794
20,-0.58127999
AL,-0.58150332
1D,-0.58204420
40,-0.58270006
1D,-0.58291775
20,-0.58328318
2D,-0.58365680
1D,-0.58370729
20,-0.58370766
2D,-0.58381668
AL,-0.58422116
2D,-0.58554120
20,-0.58560474
20,-0.58574023
2D,-0.58575747
1D,-0.58579274
20,-0.58618859
AL,-0.58678311
AL,-0.58707680
AL,-0.58732349
AL,-0.58752091
AL,-0.58754638
1D,-0.58773123
AL,-0.58809128
AL,-0.58827598
AL,-0.58858972
1D,-0.58918045
AL,-0.58919376
AL,-0.58919587
1D,-0.58935448
AL,-0.59050709
1D,-0.59103238
AL,-0.59134338
20,-0.59197560
AL,-0.59208932
2D,-0.59212363
2D,-0.59290283
1D,-0.59308561
1D,-0.59375739
1D,-0.59391582
2D,-0.59585171
40,-0.59588633
AL,-0.59671300
1D,-0.59680677
2D,-0.59726501
1D,-0.59790767
AL,-0.59817924
20,-0.59832794
1D,-0.59999376
20,-0.60086297
2D,-0.60111150
AL,-0.60138249
1D,-0.60304196
1D,-0.60443058
1D,-0.60455894
AL,-0.60456531
2D,-0.60481852
2D,-0.60513437
2D,-0.60536904
AL,-0.60541832
AL,-0.60571651
40,-0.60648167
20,-0.60678288
1D,-0.60687842
40,-0.60697196
20,-0.60697233
AL,-0.60699086
AL,-0.60701132
AL,-0.60716759
1D,-0.60725601
AL,-0.60731695
20,-0.60735636
AL,-0.60746684
2D,-0.60833258
AL,-0.60848182
AL,-0.60957246
20,-0.60967503
40,-0.61002952
AL,-0.61067722
2D,-0.61080746
AL,-0.61122120
AL,-0.61126235
2D,-0.61141432
AL,-0.61168196
40,-0.61199167
1D,-0.61262482
2D,-0.61267545
1D,-0.61297782
2D,-0.61318225
1D,-0.61373515
2D,-0.61436488
AL,-0.61442984
1D,-0.61449799
1D,-0.61503187
2D,-0.61516273
2D,-0.61520901
AL,-0.61594887
1D,-0.61621395
1D,-0.61622087
1D,-0.61702490
2D,-0.61788899
AL,-0.61934947
2D,-0.61951943
AL,-0.61955041
1D,-0.61994212
AL,-0.62009289
AL,-0.62039349
AL,-0.62109280
40,-0.62135937
AL,-0.62208020
AL,-0.62269030
1D,-0.62274690
1D,-0.62328545
2D,-0.62330505
AL,-0.62400580
20,-0.62430921
1D,-0.62433298
40,-0.62454604
AL,-0.62470444
AL,-0.62474704
AL,-0.62488428
AL,-0.62503211
AL,-0.62538326
AL,-0.62565341
AL,-0.62566640
1D,-0.62570218
40,-0.62700538
AL,-0.62718135
20,-0.62773412
1D,-0.62785218
2D,-0.62936194
AL,-0.63046156
1D,-0.63049568
AL,-0.63152369
AL,-0.63197995
20,-0.63226947
AL,-0.63231984
2D,-0.63449489
20,-0.63487729
1D,-0.63498779
2D,-0.63508494
AL,-0.63519195
2D,-0.63524014
2D,-0.63556925
20,-0.63609008
20,-0.63612356
AL,-0.63711396
2D,-0.63730308
20,-0.63778051
20,-0.63861670
40,-0.63876793
20,-0.63887920
20,-0.63957467
1D,-0.63991337
AL,-0.64005779
40,-0.64010422
20,-0.64037493
2D,-0.64077737
AL,-0.64088455
2D,-0.64095968
20,-0.64099801
AL,-0.64173906
2D,-0.64187811
AL,-0.64221281
40,-0.64416347
1D,-0.64431574
AL,-0.64467387
1D,-0.64519536
AL,-0.64539930
2D,-0.64549440
1D,-0.64583661
40,-0.64593643
AL,-0.64681405
2D,-0.64724606
1D,-0.64728690
AL,-0.64745398
AL,-0.64772818
1D,-0.64776893
AL,-0.64794552
20,-0.64826511
AL,-0.64882332
40,-0.64885393
2D,-0.64895954
AL,-0.64908906
20,-0.65012346
20,-0.65033238
AL,-0.65053295
AL,-0.65152336
1D,-0.65163340
AL,-0.65204500
AL,-0.65214342
2D,-0.65217956
AL,-0.65257198
AL,-0.65294942
AL,-0.65343524
20,-0.65352323
AL,-0.65400721
20,-0.65453663
20,-0.65468310
AL,-0.65480029
1D,-0.65518792
2D,-0.65522419
2D,-0.65538471
40,-0.65570995
2D,-0.65583088
2D,-0.65604058
2D,-0.65714002
1D,-0.65720416
1D,-0.65758633
2D,-0.65792969
20,-0.65806392
1D,-0.65841746
AL,-0.65899826
AL,-0.65920806
AL,-0.65960761
AL,-0.66045719
AL,-0.66050236
20,-0.66057864
20,-0.66065559
AL,-0.66123285
2D,-0.66124052
20,-0.66128039
AL,-0.66213690
20,-0.66224168
2D,-0.66246461
2D,-0.66412124
1D,-0.66443841
20,-0.66455096
20,-0.66497671
AL,-0.66501716
AL,-0.66551557
AL,-0.66576901
AL,-0.66604256
20,-0.66626891
40,-0.66639412
2D,-0.66641576
AL,-0.66655654
1D,-0.66656267
AL,-0.66661236
1D,-0.66680320
20,-0.66711474
1D,-0.66713542
20,-0.66737413
1D,-0.66741277
AL,-0.66902676
1D,-0.66910691
20,-0.66919782
1D,-0.66923511
20,-0.67037472
20,-0.67106906
2D,-0.67159648
AL,-0.67233349
AL,-0.67287966
AL,-0.67297184
AL,-0.67305957
AL,-0.67327199
AL,-0.67452467
1D,-0.67469131
AL,-0.67480365
AL,-0.67502462
40,-0.67521441
40,-0.67549717
40,-0.67596684
AL,-0.67629513
AL,-0.67701079
2D,-0.67719274
20,-0.67719497
40,-0.67795892
20,-0.67814360
20,-0.67852339
AL,-0.67902826
AL,-0.67919718
1D,-0.67937660
20,-0.68069200
2D,-0.68075940
AL,-0.68085759
2D,-0.68193963
AL,-0.68205320
AL,-0.68253286
1D,-0.68359621
40,-0.68404715
1D,-0.68408488
1D,-0.68440632
2D,-0.68453725
AL,-0.68474633
AL,-0.68534664
2D,-0.68570018
AL,-0.68577645
AL,-0.68647690
AL,-0.68702350
40,-0.68760030
AL,-0.68783098
2D,-0.68875475
AL,-0.68914921
AL,-0.68927818
AL,-0.68931395
1D,-0.68957909
2D,-0.68966248
AL,-0.68975131
AL,-0.68996268
AL,-0.69018577
20,-0.69023526
AL,-0.69079168
2D,-0.69096472
20,-0.69100152
1D,-0.69109266
1D,-0.69123675
1D,-0.69125983
1D,-0.69189248
20,-0.69226789
AL,-0.69259045
AL,-0.69303616
AL,-0.69307255
AL,-0.69324573
2D,-0.69325154
AL,-0.69366733
1D,-0.69499758
1D,-0.69509952
1D,-0.69562904
AL,-0.69615951
AL,-0.69624882
2D,-0.69643681
AL,-0.69651990
1D,-0.69760333
AL,-0.69810858
40,-0.69820417
20,-0.69826524
2D,-0.69829814
1D,-0.69861165
20,-0.69864763
20,-0.69899154
1D,-0.69915871
AL,-0.70160724
20,-0.70177832
1D,-0.70361496
AL,-0.70391698
AL,-0.70411797
2D,-0.70449478
AL,-0.70477926
AL,-0.70573269
AL,-0.70585649
AL,-0.70588125
2D,-0.70744115
2D,-0.70768599
AL,-0.70809069
AL,-0.70815192
AL,-0.70836049
2D,-0.70922576
AL,-0.70968392
AL,-0.71034460
40,-0.71050961
1D,-0.71060945
20,-0.71127325
2D,-0.71183745
AL,-0.71233915
1D,-0.71269301
AL,-0.71276500
AL,-0.71315223
AL,-0.71347606
2D,-0.71377635
2D,-0.71377735
2D,-0.71407080
2D,-0.71438447
2D,-0.71449711
2D,-0.71513391
40,-0.71593519
20,-0.71606138
1D,-0.71730254
1D,-0.71771640
1D,-0.71806181
2D,-0.71831784
AL,-0.71871889
AL,-0.71873059
AL,-0.71889858
2D,-0.71929519
AL,-0.71941366
AL,-0.71944600
AL,-0.71948124
20,-0.72051673
2D,-0.72182244
2D,-0.72254340
AL,-0.72290091
AL,-0.72293995
1D,-0.72301928
AL,-0.72312454
20,-0.72347046
AL,-0.72380060
1D,-0.72455993
20,-0.72457773
20,-0.72458415
AL,-0.72509326
1D,-0.72537797
20,-0.72557214
AL,-0.72563625
2D,-0.72568498
1D,-0.72614456
1D,-0.72633867
AL,-0.72779542
AL,-0.72822972
20,-0.72843056
40,-0.72844991
40,-0.72952362
AL,-0.72974277
AL,-0.72993272
1D,-0.73058533
AL,-0.73068871
AL,-0.73137340
1D,-0.73203533
2D,-0.73206255
40,-0.73214730
AL,-0.73356243
AL,-0.73393417
20,-0.73414265
AL,-0.73462806
40,-0.73490921
1D,-0.73500886
1D,-0.73583051
AL,-0.73588237
20,-0.73625907
AL,-0.73642487
AL,-0.73677563
20,-0.73780165
AL,-0.73810304
1D,-0.73818354
1D,-0.73842806
AL,-0.73873550
2D,-0.73943579
1D,-0.74015476
AL,-0.74040832
1D,-0.74050968
40,-0.74074129
40,-0.74077171
40,-0.74122153
AL,-0.74166166
AL,-0.74188828
AL,-0.74212793
AL,-0.74232135
AL,-0.74252760
2D,-0.74274128
AL,-0.74286660
2D,-0.74310506
AL,-0.74335070
AL,-0.74423414
2D,-0.74424566
AL,-0.74446554
1D,-0.74555952
20,-0.74567415
40,-0.74605957
1D,-0.74626719
2D,-0.74667435
AL,-0.74699180
AL,-0.74719120
2D,-0.74856126
1D,-0.74925459
AL,-0.74984725
40,-0.75002194
20,-0.75005030
AL,-0.75058256
1D,-0.75124704
AL,-0.75177455
20,-0.75178490
AL,-0.75184050
20,-0.75253648
40,-0.75266567
2D,-0.75272788
2D,-0.75380851
2D,-0.75418349
20,-0.75436703
AL,-0.75441646
1D,-0.75581384
2D,-0.75626922
AL,-0.75648627
20,-0.75649974
1D,-0.75695951
1D,-0.75728219
40,-0.75787951
AL,-0.75805112
20,-0.75867220
2D,-0.75878550
AL,-0.75907702
AL,-0.75915975
AL,-0.76008713
20,-0.76053489
AL,-0.76062914
AL,-0.76103609
2D,-0.76123812
2D,-0.76132639
AL,-0.76141241
AL,-0.76196914
AL,-0.76232345
20,-0.76246581
2D,-0.76349938
AL,-0.76395008
AL,-0.76465556
AL,-0.76531691
AL,-0.76555629
AL,-0.76561601
20,-0.76578262
1D,-0.76587139
20,-0.76682746
AL,-0.76695458
40,-0.76711732
2D,-0.76714326
AL,-0.76822697
1D,-0.76843913
AL,-0.76881464
AL,-0.76942807
1D,-0.76973434
20,-0.77006689
AL,-0.77011432
2D,-0.77054175
AL,-0.77087002
40,-0.77100898
AL,-0.77155870
AL,-0.77195418
AL,-0.77237443
20,-0.77257268
AL,-0.77301284
AL,-0.77305717
AL,-0.77473603
AL,-0.77474154
AL,-0.77488863
40,-0.77492500
2D,-0.77494640
AL,-0.77506104
AL,-0.77641787
AL,-0.77710141
AL,-0.77746217
AL,-0.77771911
AL,-0.77841507
AL,-0.77858015
1D,-0.77859246
2D,-0.77875572
20,-0.77884312
AL,-0.77890263
AL,-0.77899291
AL,-0.77913107
20,-0.77913748
AL,-0.77949766
2D,-0.78005082
20,-0.78064272
20,-0.78095640
1D,-0.78157839
2D,-0.78327752
40,-0.78343401
20,-0.78384609
1D,-0.78413071
2D,-0.78494432
AL,-0.78575131
40,-0.78619814
AL,-0.78622766
1D,-0.78684476
1D,-0.78842661
40,-0.78844049
20,-0.78854802
AL,-0.78858746
20,-0.78861418
AL,-0.78882431
AL,-0.78906976
AL,-0.78985258
1D,-0.79043789
1D,-0.79048208
40,-0.79095959
1D,-0.79108243
AL,-0.79128623
20,-0.79145992
40,-0.79196706
1D,-0.79235947
20,-0.79243617
20,-0.79270242
40,-0.79285412
20,-0.79301382
2D,-0.79343091
1D,-0.79359286
2D,-0.79395160
1D,-0.79418564
AL,-0.79513938
1D,-0.79521409
20,-0.79637696
1D,-0.79665655
AL,-0.79700244
20,-0.79745194
1D,-0.79752433
AL,-0.79769347
AL,-0.79800935
AL,-0.79802303
20,-0.79833295
AL,-0.79846090
20,-0.79857848
20,-0.79870626
AL,-0.79901524
AL,-0.79962285
20,-0.79988013
AL,-0.79994451
AL,-0.80033883
AL,-0.80075053
20,-0.80080981
20,-0.80202812
20,-0.80227403
20,-0.80280139
20,-0.80294895
AL,-0.80297560
AL,-0.80302971
20,-0.80305792
2D,-0.80324056
1D,-0.80382410
AL,-0.80439961
40,-0.80457201
AL,-0.80484764
20,-0.80573694
20,-0.80686131
AL,-0.80781525
AL,-0.80861148
2D,-0.80866764
20,-0.80881874
40,-0.80928881
40,-0.80973862
20,-0.81032779
20,-0.81080203
AL,-0.81089726
AL,-0.81095299
20,-0.81114108
AL,-0.81133955
1D,-0.81184095
AL,-0.81215412
AL,-0.81235086
AL,-0.81257493
AL,-0.81337602
2D,-0.81386571
2D,-0.81394277
AL,-0.81398000
20,-0.81398178
40,-0.81419310
2D,-0.81420680
2D,-0.81505454
1D,-0.81535948
2D,-0.81560271
AL,-0.81669475
AL,-0.81670701
20,-0.81805238
AL,-0.81848432
AL,-0.81856841
AL,-0.81862959
40,-0.81877186
40,-0.81931081
1D,-0.81986374
20,-0.82043213
2D,-0.82058368
1D,-0.82075986
1D,-0.82186463
AL,-0.82315113
2D,-0.82403012
20,-0.82409028
40,-0.82437425
AL,-0.82448908
20,-0.82500666
20,-0.82539248
AL,-0.82563328
AL,-0.82627071
40,-0.82647143
2D,-0.82671665
1D,-0.82711709
1D,-0.82771183
40,-0.82775948
AL,-0.82782433
20,-0.82887754
1D,-0.82908870
20,-0.82930204
20,-0.82930486
2D,-0.82931129
2D,-0.82958324
2D,-0.82961990
40,-0.82989304
AL,-0.82991823
1D,-0.83022616
2D,-0.83050296
AL,-0.83098128
20,-0.83193619
AL,-0.83209820
40,-0.83323946
40,-0.83401532
AL,-0.83406925
20,-0.83409123
2D,-0.83534770
AL,-0.83591526
AL,-0.83673138
1D,-0.83715521
1D,-0.83741422
2D,-0.83749953
1D,-0.83789804
AL,-0.83829998
1D,-0.83877479
AL,-0.83931267
AL,-0.83963840
2D,-0.84037125
1D,-0.84206352
AL,-0.84337467
1D,-0.84349453
40,-0.84352515
AL,-0.84360499
1D,-0.84365662
AL,-0.84383202
AL,-0.84384135
2D,-0.84437052
AL,-0.84458148
20,-0.84528557
AL,-0.84551539
AL,-0.84629599
40,-0.84641902
20,-0.84674716
1D,-0.84710497
AL,-0.84882944
20,-0.84893944
2D,-0.84929216
AL,-0.85021228
AL,-0.85023742
40,-0.85036443
2D,-0.85094787
AL,-0.85100620
1D,-0.85119191
1D,-0.85199850
40,-0.85217682
AL,-0.85324472
20,-0.85395856
2D,-0.85435539
20,-0.85498198
AL,-0.85506048
AL,-0.85563442
AL,-0.85646731
1D,-0.85711711
2D,-0.85715395
40,-0.85730271
2D,-0.85931008
2D,-0.85945749
AL,-0.85954787
AL,-0.85967760
AL,-0.86029086
20,-0.86049952
AL,-0.86063029
20,-0.86068679
2D,-0.86126411
AL,-0.86129607
AL,-0.86185908
1D,-0.86191459
AL,-0.86191546
1D,-0.86198639
20,-0.86283933
AL,-0.86301700
AL,-0.86329050
40,-0.86330496
AL,-0.86357146
AL,-0.86431008
2D,-0.86468126
40,-0.86503485
AL,-0.86511786
2D,-0.86541006
2D,-0.86677974
AL,-0.86732387
AL,-0.86734157
20,-0.86742233
20,-0.86792509
1D,-0.86812340
20,-0.86894722
AL,-0.86944354
1D,-0.86951593
40,-0.87006155
AL,-0.87083041
AL,-0.87118497
40,-0.87121029
40,-0.87215314
2D,-0.87280604
1D,-0.87282363
AL,-0.87289535
AL,-0.87369462
AL,-0.87392306
40,-0.87507205
20,-0.87513665
2D,-0.87517099
40,-0.87630920
1D,-0.87733212
AL,-0.87831998
2D,-0.87834749
20,-0.87901682
1D,-0.87971248
AL,-0.87976289
1D,-0.88018398
1D,-0.88166888
40,-0.88241889
1D,-0.88269952
20,-0.88309298
40,-0.88320090
2D,-0.88369836
AL,-0.88380115
2D,-0.88427702
AL,-0.88430114
AL,-0.88590977
1D,-0.88872939
AL,-0.89020717
AL,-0.89069214
1D,-0.89072980
1D,-0.89140794
40,-0.89156596
2D,-0.89283186
AL,-0.89316445
20,-0.89322259
20,-0.89331076
AL,-0.89340921
2D,-0.89391116
40,-0.89502257
40,-0.89510980
AL,-0.89570488
AL,-0.89595784
2D,-0.89610805
AL,-0.89661199
AL,-0.89789996
AL,-0.89864421
AL,-0.89909125
40,-0.89965260
40,-0.90014903
40,-0.90043013
40,-0.90063907
AL,-0.90094612
AL,-0.90102334
1D,-0.90106954
AL,-0.90187659
40,-0.90188808
AL,-0.90194050
AL,-0.90203963
AL,-0.90213764
AL,-0.90231961
20,-0.90255301
20,-0.90345695
20,-0.90394667
2D,-0.90397403
AL,-0.90398309
AL,-0.90429312
40,-0.90509348
40,-0.90606943
20,-0.90634483
40,-0.90701239
AL,-0.90852879
20,-0.90978040
40,-0.91148780
20,-0.91160073
40,-0.91198381
40,-0.91224390
AL,-0.91263713
AL,-0.91295805
20,-0.91351439
AL,-0.91382861
20,-0.91531906
2D,-0.91540300
AL,-0.91566941
AL,-0.91605677
40,-0.91619250
20,-0.91622237
1D,-0.91625261
AL,-0.91671245
1D,-0.91746453
AL,-0.91774626
2D,-0.91775884
20,-0.91818404
2D,-0.91829175
AL,-0.91849057
AL,-0.91910473
AL,-0.92140871
20,-0.92152348
2D,-0.92159379
1D,-0.92162722
AL,-0.92220361
AL,-0.92291527
AL,-0.92313260
AL,-0.92349833
1D,-0.92401265
1D,-0.92405047
20,-0.92433412
AL,-0.92456059
2D,-0.92465439
AL,-0.92476908
20,-0.92569417
20,-0.92609689
2D,-0.92619471
AL,-0.92689485
AL,-0.92730680
2D,-0.92779531
20,-0.92783017
1D,-0.92791252
20,-0.92808800
20,-0.92838037
20,-0.92840389
AL,-0.92844466
20,-0.92899346
AL,-0.92998588
1D,-0.93002216
20,-0.93052928
AL,-0.93089842
1D,-0.93099827
20,-0.93136552
40,-0.93145179
AL,-0.93208145
AL,-0.93215554
1D,-0.93234222
AL,-0.93279803
AL,-0.93415198
2D,-0.93434384
AL,-0.93508418
1D,-0.93553994
AL,-0.93594836
40,-0.93633012
40,-0.93649113
AL,-0.93650525
40,-0.93681033
40,-0.93790042
40,-0.93790456
AL,-0.93886399
AL,-0.93893113
AL,-0.93908079
AL,-0.93975370
AL,-0.93983919
20,-0.93993418
1D,-0.94010520
AL,-0.94019316
20,-0.94045847
40,-0.94075004
AL,-0.94115632
40,-0.94125987
40,-0.94169734
20,-0.94189646
2D,-0.94238122
20,-0.94270691
AL,-0.94417059
40,-0.94433613
2D,-0.94445520
40,-0.94548046
20,-0.94561391
AL,-0.94595105
1D,-0.94602760
AL,-0.94621884
20,-0.94671333
20,-0.94706115
40,-0.94709191
40,-0.94713970
1D,-0.94765211
20,-0.94821280
20,-0.94849575
20,-0.94892823
AL,-0.94901632
AL,-0.94930839
AL,-0.94942997
1D,-0.94950066
AL,-0.94953641
AL,-0.94963571
40,-0.95006820
20,-0.95026015
AL,-0.95068308
1D,-0.95116279
40,-0.95166297
20,-0.95201931
AL,-0.95225146
1D,-0.95348520
AL,-0.95378049
2D,-0.95439336
AL,-0.95462517
AL,-0.95487137
2D,-0.95520558
AL,-0.95539197
40,-0.95567911
20,-0.95625369
40,-0.95648090
AL,-0.95680878
20,-0.95769188
AL,-0.95794538
20,-0.95808962
40,-0.95904613
AL,-0.96025263
1D,-0.96053794
AL,-0.96181821
20,-0.96188325
20,-0.96273112
AL,-0.96298385
20,-0.96334019
AL,-0.96349062
20,-0.96413112
1D,-0.96419977
20,-0.96562875
40,-0.96580308
AL,-0.96741298
AL,-0.96877336
20,-0.96926652
20,-0.96940910
AL,-0.96998041
2D,-0.97032611
1D,-0.97060581
20,-0.97113783
1D,-0.97141104
1D,-0.97150477
20,-0.97153087
20,-0.97162146
2D,-0.97163945
AL,-0.97182268
20,-0.97223393
20,-0.97297388
20,-0.97363615
40,-0.97386014
AL,-0.97413051
40,-0.97465209
AL,-0.97587650
40,-0.97691776
40,-0.97711571
20,-0.97756176
AL,-0.97814260
40,-0.97839248
2D,-0.98006114
40,-0.98101126
1D,-0.98238852
20,-0.98256173
1D,-0.98294431
20,-0.98374135
20,-0.98403705
20,-0.98597517
AL,-0.98600896
AL,-0.98710292
2D,-0.98741113
2D,-0.98773658
40,-0.98888553
2D,-0.98893800
AL,-0.98895535
20,-0.98967335
AL,-0.98968303
40,-0.98981211
20,-0.99006944
40,-0.99066690
20,-0.99100959
40,-0.99138442
AL,-0.99149639
40,-0.99156696
1D,-0.99162335
20,-0.99199833
20,-0.99268643
AL,-0.99275129
20,-0.99279960
20,-0.99304848
40,-0.99307833
2D,-0.99386673
AL,-0.99422458
20,-0.99454304
2D,-0.99534291
AL,-0.99568438
1D,-0.99605346
40,-0.99636679
40,-0.99710289
AL,-0.99743758
40,-0.99787127
20,-0.99825271
20,-0.99874811
40,-0.99930920
AL,-0.99943960
40,-0.99974479
2D,-0.99999902
40,-1.00037838
20,-1.00062788
40,-1.00078676
AL,-1.00154408
AL,-1.00244211
AL,-1.00277336
40,-1.00320844
40,-1.00394939
AL,-1.00488380
40,-1.00495963
40,-1.00514682
AL,-1.00590814
AL,-1.00627830
40,-1.00660760
20,-1.00782765
20,-1.00798556
40,-1.00940608
AL,-1.01004268
20,-1.01059092
AL,-1.01100327
2D,-1.01393055
2D,-1.01412618
AL,-1.01544754
2D,-1.01551281
1D,-1.01587386
20,-1.01605666
1D,-1.01634415
40,-1.01679085
AL,-1.01704039
1D,-1.01774853
20,-1.01804807
2D,-1.01854686
20,-1.01863752
AL,-1.01921773
2D,-1.01951522
AL,-1.02017450
40,-1.02018357
2D,-1.02027347
1D,-1.02048659
1D,-1.02106101
40,-1.02129369
AL,-1.02228583
40,-1.02288545
20,-1.02337596
20,-1.02371922
2D,-1.02447590
AL,-1.02464574
AL,-1.02472763
20,-1.02509486
2D,-1.02517407
AL,-1.02609360
AL,-1.02655884
AL,-1.02724582
AL,-1.02735054
1D,-1.02770615
2D,-1.02855606
20,-1.02917964
40,-1.02936180
AL,-1.03090118
20,-1.03206665
40,-1.03326941
AL,-1.03330882
40,-1.03418406
AL,-1.03715361
40,-1.03725402
20,-1.03736046
40,-1.03736564
2D,-1.03748273
AL,-1.03875302
1D,-1.03891428
20,-1.03933914
40,-1.03968168
40,-1.03992944
AL,-1.03998194
AL,-1.04088811
20,-1.04165321
AL,-1.04307620
40,-1.04360784
40,-1.04472458
20,-1.04556999
20,-1.04600346
20,-1.04622126
20,-1.04680210
2D,-1.04847289
20,-1.04892915
AL,-1.04900351
1D,-1.04941481
40,-1.04989798
20,-1.05290237
AL,-1.05373087
AL,-1.05404543
1D,-1.05416569
40,-1.05617044
40,-1.05622616
AL,-1.05631002
20,-1.05668152
40,-1.05699197
AL,-1.05716014
40,-1.05717227
20,-1.05777899
AL,-1.05783810
AL,-1.05863521
40,-1.05902658
AL,-1.05961705
20,-1.06141399
2D,-1.06157275
20,-1.06162073
40,-1.06206826
AL,-1.06283345
20,-1.06339306
AL,-1.06364263
2D,-1.06442712
AL,-1.06491875
40,-1.06572686
AL,-1.06636878
AL,-1.06740144
AL,-1.06763162
AL,-1.06769575
40,-1.06783494
1D,-1.06846927
40,-1.07104631
AL,-1.07114539
1D,-1.07131060
40,-1.07177639
AL,-1.07301069
AL,-1.07449549
AL,-1.07471536
1D,-1.07501508
AL,-1.07512920
40,-1.07606836
40,-1.07657566
AL,-1.07679697
AL,-1.07733365
2D,-1.07771349
20,-1.07959661
AL,-1.08001894
AL,-1.08122337
2D,-1.08215532
AL,-1.08225006
AL,-1.08238669
AL,-1.08313569
20,-1.08378945
AL,-1.08487584
AL,-1.08626910
40,-1.08689650
40,-1.08713673
AL,-1.08760748
20,-1.08799833
2D,-1.08799956
1D,-1.08894023
40,-1.08963982
40,-1.09085244
2D,-1.09090317
40,-1.09103642
2D,-1.09105643
AL,-1.09105648
AL,-1.09122732
20,-1.09127797
2D,-1.09146205
20,-1.09150195
40,-1.09167811
20,-1.09198722
40,-1.09288448
40,-1.09510725
20,-1.09547775
40,-1.09601606
40,-1.09621538
AL,-1.09627347
20,-1.09782740
20,-1.09800869
20,-1.09912672
40,-1.09963792
20,-1.10043029
20,-1.10174387
2D,-1.10207003
AL,-1.10242791
20,-1.10283840
2D,-1.10299909
20,-1.10334839
40,-1.10376342
AL,-1.10376788
AL,-1.10387289
40,-1.10435293
20,-1.10474103
40,-1.10514595
40,-1.10528066
40,-1.10555260
AL,-1.10805493
AL,-1.10810065
20,-1.10822039
1D,-1.10846960
40,-1.10936540
40,-1.10943160
40,-1.10946683
AL,-1.11139306
40,-1.11151969
1D,-1.11267416
AL,-1.11320316
2D,-1.11352941
20,-1.11361135
AL,-1.11385248
1D,-1.11386621
40,-1.11392288
1D,-1.11586096
20,-1.11645916
AL,-1.11722445
40,-1.11746450
40,-1.11800808
40,-1.11959228
AL,-1.12015189
20,-1.12085571
20,-1.12112591
1D,-1.12257390
40,-1.12268033
40,-1.12271071
AL,-1.12294209
1D,-1.12371389
20,-1.12415665
20,-1.12512862
40,-1.12547332
40,-1.12570012
40,-1.12624032
20,-1.12649447
2D,-1.12722207
40,-1.12794130
AL,-1.12812501
AL,-1.12842273
2D,-1.12908504
2D,-1.12910567
20,-1.12918068
AL,-1.12925466
AL,-1.12936111
AL,-1.12945631
40,-1.12946814
20,-1.13156680
1D,-1.13242126
20,-1.13293048
AL,-1.13300511
20,-1.13342742
20,-1.13359647
40,-1.13362351
20,-1.13432720
AL,-1.13448464
20,-1.13516607
20,-1.13588298
40,-1.13598540
20,-1.13646551
2D,-1.13714469
20,-1.13844559
2D,-1.13913027
AL,-1.13984860
AL,-1.14029277
40,-1.14073899
40,-1.14182678
20,-1.14289880
40,-1.14314864
AL,-1.14433155
20,-1.14445984
40,-1.14491316
40,-1.14499238
40,-1.14506405
20,-1.14761209
AL,-1.14844866
40,-1.15067450
40,-1.15082365
40,-1.15146216
1D,-1.15179476
20,-1.15198127
40,-1.15232768
2D,-1.15315385
40,-1.15394730
AL,-1.15436328
20,-1.15597838
20,-1.15611544
AL,-1.15657080
40,-1.15693749
AL,-1.15717994
AL,-1.15737662
2D,-1.15794513
1D,-1.15804869
2D,-1.16013565
40,-1.16196492
2D,-1.16297820
40,-1.16325328
2D,-1.16339393
20,-1.16533269
AL,-1.16551861
20,-1.16553717
1D,-1.16658410
1D,-1.16785875
1D,-1.17007796
AL,-1.17055797
20,-1.17162087
20,-1.17320785
2D,-1.17459356
20,-1.17577594
2D,-1.17611751
40,-1.17680850
AL,-1.17710619
AL,-1.17720598
20,-1.17778096
20,-1.17819092
40,-1.17877808
40,-1.17929028
40,-1.17955951
40,-1.17984647
AL,-1.18147801
40,-1.18155993
AL,-1.18205696
AL,-1.18214458
40,-1.18234392
40,-1.18246821
AL,-1.18264522
20,-1.18290198
40,-1.18369577
40,-1.18558065
20,-1.18791134
40,-1.18800759
1D,-1.18904162
40,-1.18995578
1D,-1.19088188
40,-1.19114250
1D,-1.19144344
40,-1.19144430
40,-1.19152642
40,-1.19180873
20,-1.19202788
20,-1.19213995
40,-1.19322781
20,-1.19354606
AL,-1.19395418
40,-1.19418556
20,-1.19546882
40,-1.19550158
1D,-1.19696517
2D,-1.19816707
AL,-1.19846958
20,-1.19853278
40,-1.20011670
40,-1.20044031
20,-1.20089137
20,-1.20292059
AL,-1.20478296
AL,-1.20483482
40,-1.20557706
2D,-1.20669997
20,-1.20776978
40,-1.20799586
2D,-1.20845761
40,-1.21261196
AL,-1.21293459
1D,-1.21372672
40,-1.21384972
40,-1.21444082
1D,-1.21497543
AL,-1.21550289
20,-1.21574809
2D,-1.21714133
40,-1.21719235
AL,-1.21741562
40,-1.21791521
40,-1.22371948
AL,-1.22548636
AL,-1.22580656
40,-1.22590691
AL,-1.22851956
40,-1.22873139
AL,-1.22946375
40,-1.23073198
2D,-1.23180198
40,-1.23261080
20,-1.23312333
40,-1.23372169
40,-1.23496068
40,-1.23562167
2D,-1.23721657
1D,-1.23893517
AL,-1.23982510
AL,-1.23999004
20,-1.24082880
20,-1.24106332
1D,-1.24107463
20,-1.24222171
40,-1.24240701
20,-1.24267004
40,-1.24289498
1D,-1.24300938
20,-1.24418612
40,-1.24450389
2D,-1.24551508
40,-1.24855471
40,-1.24997594
AL,-1.25084011
AL,-1.25154814
40,-1.25330274
40,-1.25360514
40,-1.25384088
40,-1.25608766
40,-1.25623120
AL,-1.25776063
1D,-1.25958231
40,-1.25973804
40,-1.26036725
40,-1.26131518
40,-1.26155881
40,-1.26312334
AL,-1.26333736
40,-1.26595976
40,-1.26712804
40,-1.26996893
40,-1.27004750
40,-1.27029511
40,-1.27072637
AL,-1.27137586
AL,-1.27164814
1D,-1.27217517
20,-1.27259733
20,-1.27362449
20,-1.27409586
2D,-1.27416012
40,-1.27455614
40,-1.27488048
AL,-1.27592951
2D,-1.27677192
40,-1.27684224
40,-1.27725578
20,-1.27847278
40,-1.27900898
40,-1.28126726
40,-1.28164320
20,-1.28294174
AL,-1.28295990
40,-1.28362999
40,-1.28510595
40,-1.28540552
40,-1.28669921
20,-1.28767656
2D,-1.28800613
40,-1.28979349
AL,-1.28985276
AL,-1.29004035
20,-1.29064253
AL,-1.29155833
40,-1.29160800
1D,-1.29391549
40,-1.29411018
AL,-1.29501220
40,-1.29512466
20,-1.29691117
AL,-1.29694041
20,-1.29722619
1D,-1.29816554
40,-1.29836095
AL,-1.29927589
40,-1.30064509
1D,-1.30149865
40,-1.30182889
20,-1.30206119
20,-1.30625290
40,-1.30768055
40,-1.30776790
AL,-1.30793374
40,-1.30917392
1D,-1.30933944
20,-1.30979518
40,-1.31100167
40,-1.31313581
1D,-1.31352645
AL,-1.31550196
40,-1.31666802
AL,-1.31674663
40,-1.31699070
20,-1.31716329
1D,-1.31777669
20,-1.31796226
AL,-1.31805488
40,-1.31894960
20,-1.31942461
AL,-1.32022478
20,-1.32232399
40,-1.32384183
40,-1.32388532
40,-1.32556430
2D,-1.32586893
AL,-1.32709466
40,-1.32730916
40,-1.32749233
20,-1.32806821
40,-1.32831835
1D,-1.32877371
20,-1.32961506
AL,-1.32985160
40,-1.33018712
AL,-1.33027010
40,-1.33101496
40,-1.33108552
1D,-1.33226502
AL,-1.33507021
AL,-1.33666896
40,-1.33681680
1D,-1.33823115
40,-1.33840516
AL,-1.33847053
40,-1.33946955
20,-1.34197596
40,-1.34207873
1D,-1.34225680
AL,-1.34293624
2D,-1.34679511
40,-1.35229072
2D,-1.35396009
20,-1.35416686
20,-1.35509193
20,-1.35602182
40,-1.35698646
20,-1.35706509
40,-1.35758590
40,-1.35909151
2D,-1.35951780
20,-1.36057407
20,-1.36057866
1D,-1.36560332
40,-1.36763036
1D,-1.37033959
AL,-1.37127246
AL,-1.37196170
2D,-1.37204480
40,-1.37229163
40,-1.37272698
2D,-1.37370974
AL,-1.37720605
2D,-1.37725229
40,-1.37788075
2D,-1.37812954
20,-1.38172506
20,-1.38181839
20,-1.38317059
40,-1.38436902
40,-1.38498908
20,-1.38593715
40,-1.38596661
20,-1.38730575
AL,-1.38796994
40,-1.38856309
40,-1.38913154
40,-1.38999792
40,-1.39014342
40,-1.39056831
AL,-1.39093817
20,-1.39217851
20,-1.39253106
2D,-1.39383116
40,-1.39424035
40,-1.39472962
20,-1.39503149
40,-1.39596758
2D,-1.39631198
AL,-1.39635977
20,-1.39684959
40,-1.39966327
40,-1.39983707
40,-1.40016037
40,-1.40410110
20,-1.40415651
20,-1.40700587
AL,-1.40703629
40,-1.40834842
AL,-1.40937333
AL,-1.41004143
40,-1.41122855
40,-1.41194476
2D,-1.41251316
40,-1.41269484
40,-1.41296967
2D,-1.41389140
40,-1.41446763
40,-1.41522916
20,-1.41577578
AL,-1.41717765
AL,-1.41794263
40,-1.41953898
40,-1.41991590
20,-1.42052516
20,-1.42075990
40,-1.42393181
20,-1.42674275
40,-1.42720147
40,-1.42896361
40,-1.43528553
20,-1.43640073
20,-1.43722300
40,-1.43818032
40,-1.43859589
2D,-1.43939135
20,-1.44151646
20,-1.44250930
40,-1.44302227
1D,-1.44311365
2D,-1.44427845
20,-1.44552540
40,-1.44611477
40,-1.44774471
AL,-1.44811829
20,-1.44919323
40,-1.45099217
40,-1.45117029
40,-1.45363661
1D,-1.45417622
20,-1.45434570
1D,-1.45476557
40,-1.45557658
20,-1.45560195
1D,-1.45663090
40,-1.45693825
1D,-1.45929507
40,-1.46223440
20,-1.46244038
20,-1.46295777
20,-1.46299411
2D,-1.46306538
AL,-1.46330570
40,-1.46449514
40,-1.46593151
40,-1.46855592
1D,-1.46959724
1D,-1.47049275
AL,-1.47220608
40,-1.47245032
40,-1.47493251
40,-1.47502568
40,-1.47527317
40,-1.47607312
40,-1.47965592
40,-1.48038703
40,-1.48059793
40,-1.48372827
40,-1.48553313
40,-1.48814537
40,-1.48917284
40,-1.48977768
40,-1.49119447
40,-1.49409798
20,-1.49433720
20,-1.49921461
40,-1.49939909
2D,-1.50175962
40,-1.50234683
40,-1.50418006
40,-1.50525024
AL,-1.50870576
2D,-1.50953845
AL,-1.50971135
AL,-1.51184659
40,-1.51188511
40,-1.51552119
40,-1.51661687
40,-1.52162188
1D,-1.52253495
40,-1.52948538
40,-1.53744928
40,-1.53767275
40,-1.53774096
AL,-1.53909343
40,-1.54015825
40,-1.54438891
40,-1.54768268
20,-1.55187335
40,-1.55221517
40,-1.55351017
2D,-1.55689686
AL,-1.55809384
40,-1.56098547
40,-1.56210477
2D,-1.56668233
40,-1.56695354
40,-1.56723058
40,-1.56839918
20,-1.56996083
40,-1.57079609
40,-1.57088888
2D,-1.57124822
20,-1.57149737
40,-1.57432517
40,-1.57505302
40,-1.57518727
40,-1.57614511
40,-1.57655538
40,-1.57682094
40,-1.57720154
AL,-1.57724536
20,-1.57882118
20,-1.57898139
40,-1.57912677
40,-1.57992734
40,-1.58092959
40,-1.58095154
40,-1.58134932
40,-1.58454484
40,-1.58797110
40,-1.59176051
AL,-1.59198668
1D,-1.59206920
20,-1.59214560
2D,-1.59355146
40,-1.59390588
20,-1.59439169
40,-1.59472500
40,-1.59564714
40,-1.59886994
1D,-1.59913251
40,-1.59919245
40,-1.60021939
AL,-1.60384116
40,-1.60484201
2D,-1.60736176
AL,-1.60986631
40,-1.60991989
40,-1.61268988
2D,-1.61573189
20,-1.61732660
20,-1.61830771
40,-1.61861923
40,-1.61984513
40,-1.62294095
AL,-1.62668071
40,-1.62681859
40,-1.62742548
40,-1.62856920
40,-1.63286657
AL,-1.63486701
20,-1.63498440
40,-1.64184409
20,-1.64941494
2D,-1.64993134
40,-1.65288696
AL,-1.65704912
40,-1.65743434
40,-1.66061184
40,-1.66112967
40,-1.66186292
2D,-1.66282757
20,-1.66429127
40,-1.66471301
2D,-1.66824322
20,-1.67131102
40,-1.67231957
1D,-1.67358989
40,-1.67528237
AL,-1.67929184
40,-1.68145381
40,-1.68605503
AL,-1.69180621
40,-1.69853850
20,-1.70352651
40,-1.70519862
20,-1.70681280
1D,-1.71567374
1D,-1.72114240
20,-1.72419569
40,-1.72520614
40,-1.72697881
40,-1.72707789
40,-1.73271142
20,-1.73787022
40,-1.74104935
40,-1.74507255
40,-1.74532026
20,-1.74553622
40,-1.75007365
AL,-1.75355869
40,-1.75458946
1D,-1.75958024
40,-1.76499772
40,-1.77197444
40,-1.78068493
40,-1.78679620
40,-1.78810543
40,-1.79027857
40,-1.79554290
1D,-1.80267769
40,-1.80385854
40,-1.81811701
40,-1.82033937
40,-1.82876038
40,-1.82981459
AL,-1.83116853
40,-1.83867009
2D,-1.83901896
20,-1.84354894
20,-1.85300691
2D,-1.86268124
40,-1.87430135
AL,-1.87553049
40,-1.88530100
20,-1.88957883
40,-1.90446221
40,-1.90640686
40,-1.90883890
40,-1.90912236
1D,-1.91868587
20,-1.92699854
20,-1.92711744
40,-1.96219210
40,-1.96312758
AL,-1.99257078
40,-2.01098037
AL,-2.03255949
20,-2.03357979
40,-2.04833182
40,-2.07754731
AL,-2.10245404
2D,-2.14006916
1D,-2.18224197
40,-2.18663223
2D,-2.21251752
2D,-2.23438871
2D,-2.27853703
40,-2.28120218
20,-2.29291217
20,-2.31692745
40,-2.33917753
AL,-2.34593010
1D,-2.34902389
40,-2.37461153
2D,-2.37975502
2D,-2.42496866
2D,-2.43312626
1D,-2.49966650
40,-2.54301503
20,-2.59265376
2D,-2.66902585
