actual.age.approx.months,pred.age.months,is.AL
10.138249,14.448633,TRUE
15.898618,12.731021,TRUE
22.350230,20.726206,TRUE
27.880184,20.313108,TRUE
10.138249, 8.977995,TRUE
15.898618,13.630644,TRUE
22.350230,15.918735,TRUE
10.138249,16.417271,TRUE
15.898618,11.156258,TRUE
22.350230,18.387345,TRUE
27.880184,17.390915,TRUE
10.138249,14.931757,TRUE
15.898618,14.226296,TRUE
22.350230,17.613111,TRUE
27.880184,18.312655,TRUE
10.138249, 9.494398,TRUE
15.898618,14.273383,TRUE
22.350230,14.548820,TRUE
27.880184,17.780831,TRUE
15.898618,18.197625,TRUE
22.350230,17.552562,TRUE
10.138249,11.780860,TRUE
15.898618,12.916215,TRUE
22.350230,21.736263,TRUE
27.880184,12.634107,TRUE
10.138249,10.787504,TRUE
15.898618,12.290419,TRUE
10.138249,16.121531,TRUE
10.138249,15.463685,TRUE
15.898618,13.227727,TRUE
22.350230,12.509442,TRUE
10.138249,14.196742,TRUE
15.898618,13.387733,TRUE
22.350230,22.151592,TRUE
27.880184,21.197938,TRUE
10.138249,14.436449,TRUE
15.898618,11.844619,TRUE
22.350230,13.599245,TRUE
27.880184,18.855568,TRUE
10.138249,10.114370,TRUE
15.898618,11.005329,TRUE
22.350230,16.355022,TRUE
10.138249,14.978401,TRUE
15.898618,11.532837,TRUE
10.138249,17.029296,TRUE
15.898618,13.191909,TRUE
 9.907834,11.814882,TRUE
 9.907834,11.771395,TRUE
15.898618,16.549052,TRUE
22.350230,21.833010,TRUE
 9.907834,10.849396,TRUE
15.898618,17.422455,TRUE
 9.907834,12.284131,TRUE
15.898618,13.388251,TRUE
22.350230,20.113255,TRUE
 9.907834,12.697709,TRUE
15.898618,19.451551,TRUE
22.350230,16.972053,TRUE
27.880184,13.253089,TRUE
 9.907834,13.259760,TRUE
15.898618,13.927468,TRUE
 9.907834,11.655559,TRUE
15.898618,21.878742,TRUE
22.350230,16.518012,TRUE
27.880184,21.645326,TRUE
 9.907834,10.147119,TRUE
15.898618,12.652593,TRUE
22.350230,21.287156,TRUE
27.880184,22.301433,TRUE
 9.907834,13.007122,TRUE
15.898618,16.289147,TRUE
22.350230,18.663040,TRUE
27.880184,23.747163,TRUE
 9.907834,10.002392,TRUE
15.898618,24.750551,TRUE
22.350230,19.835488,TRUE
 9.907834,13.095174,TRUE
15.898618,14.138606,TRUE
22.350230,17.347994,TRUE
27.880184,22.890202,TRUE
 9.907834,13.682985,TRUE
15.898618,14.708836,TRUE
 9.907834,10.750993,TRUE
15.898618,12.385854,TRUE
22.350230,26.283815,TRUE
27.880184,27.293646,TRUE
 9.907834,14.164848,TRUE
15.898618,17.178091,TRUE
15.898618,12.669441,TRUE
 5.299539,10.381922,TRUE
15.898618,10.734284,TRUE
22.119816,23.950575,TRUE
27.880184,21.020504,TRUE
 5.299539,12.854602,TRUE
 5.299539,11.594102,TRUE
15.898618,10.840230,TRUE
15.898618, 9.221502,TRUE
22.119816,14.585756,TRUE
15.898618,13.585524,TRUE
22.119816,22.004852,TRUE
 5.299539, 9.488253,TRUE
15.898618,11.347189,TRUE
 5.299539, 8.320221,TRUE
15.898618,10.696085,TRUE
 5.299539,12.533790,TRUE
15.898618,11.546664,TRUE
22.119816,15.742176,TRUE
10.138249,11.841585,TRUE
15.898618,14.651395,TRUE
22.119816,23.124925,TRUE
10.138249,12.331760,TRUE
15.898618,11.279809,TRUE
22.119816,19.979129,TRUE
15.898618,12.041326,TRUE
22.119816,15.269411,TRUE
27.880184,15.439831,TRUE
 5.299539, 8.719278,TRUE
10.138249, 8.926218,TRUE
 5.299539,13.561617,TRUE
10.138249,12.576041,TRUE
15.898618,11.346098,TRUE
22.119816,14.312160,TRUE
27.880184,13.409188,TRUE
 5.299539,10.862985,TRUE
10.138249,10.698401,TRUE
15.898618,14.039697,TRUE
22.119816,22.672047,TRUE
 5.299539,11.370718,TRUE
10.138249, 9.725002,TRUE
15.898618,14.187056,TRUE
22.119816,17.415690,TRUE
27.880184,18.158410,TRUE
 5.299539, 9.279741,TRUE
10.138249,13.744146,TRUE
15.898618,11.776884,TRUE
22.119816,20.908198,TRUE
 4.608295, 9.899134,TRUE
10.138249,11.883933,TRUE
15.898618,18.760603,TRUE
 4.608295, 9.125527,TRUE
15.898618,14.638633,TRUE
27.880184,14.252023,TRUE
 4.608295, 8.665822,TRUE
10.138249,11.312237,TRUE
15.898618,18.936364,TRUE
22.119816,16.839400,TRUE
27.880184,15.412194,TRUE
 4.608295,10.207981,TRUE
15.898618,11.794438,TRUE
22.119816,15.297982,TRUE
27.880184,19.640734,TRUE
 4.608295,11.329476,TRUE
10.138249, 7.032842,TRUE
15.898618,18.300614,TRUE
22.119816,20.672840,TRUE
27.880184,19.100324,TRUE
 4.608295, 8.953947,TRUE
22.119816,18.443932,TRUE
 4.608295, 9.199963,TRUE
22.119816,14.175551,TRUE
 4.608295,10.902161,TRUE
15.898618,21.989629,TRUE
22.119816,16.760106,TRUE
10.138249,11.057289,TRUE
15.898618,12.667903,TRUE
22.119816,20.422047,TRUE
 4.608295,12.678105,TRUE
22.119816,14.683216,TRUE
 4.608295, 9.381903,TRUE
10.138249,10.972387,TRUE
 4.608295, 8.676561,TRUE
15.898618,21.226490,TRUE
22.119816,23.597844,TRUE
27.880184,18.705340,TRUE
 4.608295,11.783134,TRUE
 4.608295,11.121631,TRUE
15.898618,14.455671,TRUE
 4.608295, 9.904655,TRUE
15.898618,21.663571,TRUE
22.119816,14.623201,TRUE
 4.608295,11.750316,TRUE
15.898618,14.649331,TRUE
 4.838710,15.691390,TRUE
10.138249,10.046832,TRUE
15.668203,17.621762,TRUE
10.138249,11.152691,TRUE
15.668203,20.926412,TRUE
21.889401,13.996035,TRUE
 4.838710, 8.545924,TRUE
10.138249,13.588002,TRUE
15.668203,17.113314,TRUE
10.138249,13.924770,TRUE
15.668203,19.304046,TRUE
21.889401,14.917343,TRUE
27.649770,21.065832,TRUE
15.668203,12.287658,TRUE
21.889401,16.895606,TRUE
 4.838710,11.623670,TRUE
10.138249,10.319151,TRUE
15.668203,13.341979,TRUE
 4.838710, 8.717968,TRUE
10.138249, 9.701839,TRUE
15.668203,18.311072,TRUE
21.889401,17.863296,TRUE
27.649770,16.523852,TRUE
 4.838710,11.658613,TRUE
10.138249, 9.677721,TRUE
21.889401,22.311064,TRUE
 4.838710,10.462204,TRUE
10.138249, 8.756185,TRUE
 4.838710,12.770146,TRUE
15.668203,12.299896,TRUE
 4.838710,11.791378,TRUE
15.668203,13.818492,TRUE
21.889401,18.536711,TRUE
 4.838710, 8.079125,TRUE
15.668203,11.121130,TRUE
21.889401,12.688488,TRUE
 4.838710,11.530474,TRUE
15.668203,12.327758,TRUE
21.889401,21.340753,TRUE
27.649770,24.650917,TRUE
15.668203, 8.891896,TRUE
27.649770,17.494793,TRUE
 4.838710, 8.738779,TRUE
15.668203,12.796952,TRUE
21.889401,16.120494,TRUE
 4.838710, 8.076081,TRUE
15.668203, 9.825202,TRUE
21.889401,11.179885,TRUE
22.119816,18.473261,TRUE
 5.069124,11.565877,TRUE
 5.069124,12.591052,TRUE
15.898618,15.690657,TRUE
22.119816,19.414213,TRUE
 5.069124,12.165202,TRUE
10.138249,13.277570,TRUE
15.898618,17.435953,TRUE
22.119816,16.949658,TRUE
 5.069124,13.496213,TRUE
15.898618,12.413488,TRUE
22.119816,17.971726,TRUE
 5.069124,13.804263,TRUE
15.898618,12.642027,TRUE
 5.069124, 9.373205,TRUE
15.898618,15.980915,TRUE
22.119816,21.057028,TRUE
 5.069124,13.479460,TRUE
 5.069124,10.552231,TRUE
15.898618,20.054816,TRUE
22.119816,17.997103,TRUE
 5.069124,11.574023,TRUE
15.898618,20.798404,TRUE
22.119816,14.135924,TRUE
27.880184,17.818183,TRUE
15.898618,15.581010,TRUE
22.119816,19.927738,TRUE
27.880184,20.531995,TRUE
10.138249, 9.009027,TRUE
15.898618,18.980656,TRUE
22.119816,20.934622,TRUE
15.898618,24.151677,TRUE
 5.069124,11.017817,TRUE
15.898618,22.549176,TRUE
10.138249,11.270282,TRUE
15.898618,21.212558,TRUE
22.119816,19.240124,TRUE
 4.608295,16.410320,TRUE
10.138249,13.361126,TRUE
15.898618,18.760534,TRUE
22.119816,25.131644,TRUE
27.880184,22.606504,TRUE
10.138249,13.180717,TRUE
15.898618,19.543311,TRUE
10.138249,16.069052,TRUE
15.898618,18.804241,TRUE
10.138249,14.694818,TRUE
15.898618,23.668368,TRUE
 4.608295, 7.556816,TRUE
10.138249,17.136307,TRUE
15.898618,20.010621,TRUE
22.119816,20.481603,TRUE
 4.608295,19.244758,TRUE
10.138249,17.236984,TRUE
15.898618,13.594856,TRUE
22.119816,23.728958,TRUE
 4.608295,10.755399,TRUE
10.138249,15.260666,TRUE
15.898618,17.950616,TRUE
22.119816,21.734852,TRUE
10.138249,20.249177,TRUE
15.898618,13.098674,TRUE
22.119816,21.130319,TRUE
27.880184,18.093899,TRUE
 4.608295,10.950302,TRUE
10.138249,17.796708,TRUE
15.898618,23.916886,TRUE
22.119816,19.113241,TRUE
27.880184,20.018549,TRUE
 4.608295,10.924332,TRUE
10.138249,11.579047,TRUE
27.880184,22.945530,TRUE
 4.608295, 7.421951,TRUE
10.138249,13.601652,TRUE
15.898618,17.253381,TRUE
22.119816,12.821792,TRUE
 4.608295, 9.445997,TRUE
10.138249,13.977158,TRUE
 4.608295,12.449804,TRUE
10.138249,15.709945,TRUE
 4.608295,10.171145,TRUE
10.138249,14.831499,TRUE
 4.608295, 9.234868,TRUE
10.138249,12.964331,TRUE
15.898618,12.226525,TRUE
22.119816,19.799071,TRUE
27.880184,20.738967,TRUE
 4.838710,11.784980,TRUE
15.898618,18.857628,TRUE
22.119816,18.483214,TRUE
15.898618,15.734041,TRUE
22.119816,20.491636,TRUE
27.649770,22.455713,TRUE
 4.838710,10.812360,TRUE
15.898618,22.573522,TRUE
10.138249,10.008781,TRUE
15.898618,14.059449,TRUE
22.119816,20.163094,TRUE
27.649770,22.692261,TRUE
 4.838710,12.854701,TRUE
10.138249,12.529088,TRUE
15.898618,20.013379,TRUE
22.119816,18.777528,TRUE
27.649770,23.351602,TRUE
10.138249, 8.803579,TRUE
15.898618,13.061977,TRUE
22.119816,27.064815,TRUE
27.649770,26.155117,TRUE
 4.838710,12.080242,TRUE
 4.838710,10.449167,TRUE
10.138249,11.676995,TRUE
15.898618,20.861502,TRUE
 4.838710,12.180644,TRUE
10.138249,11.635067,TRUE
15.898618,18.924752,TRUE
22.119816,19.009087,TRUE
27.649770,23.429687,TRUE
 4.838710,12.474368,TRUE
10.138249,13.437959,TRUE
22.119816,16.325118,TRUE
 4.838710, 9.059393,TRUE
 4.838710,11.680868,TRUE
10.138249, 8.554728,TRUE
15.898618,24.097499,TRUE
22.119816,19.380982,TRUE
27.649770,20.230394,TRUE
 4.838710,10.682171,TRUE
10.138249,10.967384,TRUE
 4.838710,10.065780,TRUE
10.138249,12.713134,TRUE
15.898618,14.276733,TRUE
22.119816,18.417589,TRUE
 4.838710, 9.699615,TRUE
10.138249,13.009665,TRUE
15.898618,19.540182,TRUE
22.119816,14.754012,TRUE
27.649770,21.132595,TRUE
 4.838710,14.955387,TRUE
 4.838710,11.686477,TRUE
10.138249,14.802553,TRUE
15.898618,15.847813,TRUE
 4.838710,10.800996,TRUE
15.898618,14.210710,TRUE
22.119816,12.594676,TRUE
 4.838710,10.916568,TRUE
10.138249,14.794805,TRUE
15.898618,22.681659,TRUE
 4.838710,12.830027,TRUE
10.138249,17.091394,TRUE
15.898618,13.758563,TRUE
27.880184,16.405446,TRUE
 4.838710,14.116681,TRUE
10.138249,12.720569,TRUE
15.898618,18.435694,TRUE
22.119816,19.204897,TRUE
 4.838710,16.261501,TRUE
 4.838710,12.884230,TRUE
10.138249,11.791054,TRUE
27.880184,14.889545,TRUE
 4.838710,12.300262,TRUE
10.138249,12.595316,TRUE
15.898618,13.987216,TRUE
 4.838710,21.187611,TRUE
15.898618,17.329749,TRUE
10.138249,13.897737,TRUE
15.898618,14.467368,TRUE
22.119816,15.555300,TRUE
 4.838710,10.479861,TRUE
10.138249,10.586626,TRUE
15.898618,14.720271,TRUE
22.119816,18.564520,TRUE
27.880184,21.900922,TRUE
10.138249,10.797235,TRUE
15.898618,11.313278,TRUE
10.138249,10.932751,TRUE
15.898618,13.535357,TRUE
27.880184,16.429049,TRUE
 4.838710,10.890503,TRUE
10.138249, 7.885808,TRUE
15.898618,14.014784,TRUE
27.880184,18.021833,TRUE
10.138249,14.653070,TRUE
15.898618,13.472999,TRUE
 4.838710, 8.566795,TRUE
10.138249,11.801098,TRUE
15.898618,14.828209,TRUE
22.119816,12.044220,TRUE
 4.838710,15.386549,TRUE
 4.838710,16.020109,TRUE
15.898618,18.374209,TRUE
22.119816,22.996913,TRUE
 4.838710,14.065244,TRUE
15.898618,21.905374,TRUE
10.138249,12.670007,TRUE
15.898618,17.674974,TRUE
22.119816,20.696725,TRUE
15.898618,12.486257,TRUE
22.119816,13.673170,TRUE
 4.838710,10.850505,TRUE
 4.838710,12.544539,TRUE
15.898618,20.080416,TRUE
10.138249,14.238455,TRUE
15.898618,17.071473,TRUE
22.119816,18.813240,TRUE
 4.838710,11.546501,TRUE
15.898618,20.296397,TRUE
 4.838710,10.434171,TRUE
10.138249,11.431498,TRUE
10.138249,15.745191,TRUE
22.119816,19.696554,TRUE
10.138249,13.667906,TRUE
 4.838710,10.161251,TRUE
15.898618,21.897379,TRUE
 4.838710,15.630168,TRUE
 4.838710,12.941669,TRUE
15.898618,10.711431,TRUE
22.350230,12.832301,TRUE
 4.838710,15.609254,TRUE
10.138249,12.476068,TRUE
22.350230,12.022107,TRUE
27.880184,17.918692,TRUE
 4.838710, 8.909978,TRUE
10.138249,13.767441,TRUE
10.138249,12.470938,TRUE
22.350230,12.767481,TRUE
 4.838710, 8.489510,TRUE
 4.838710,12.610453,TRUE
22.350230,10.507303,TRUE
 4.838710,10.425761,TRUE
22.350230,15.336782,TRUE
 4.838710,13.026560,TRUE
 4.838710,14.354662,TRUE
10.138249,10.351257,TRUE
15.898618,13.882756,TRUE
 4.838710,11.979175,TRUE
10.138249,14.456971,TRUE
 4.838710,13.264496,TRUE
10.138249,12.815826,TRUE
15.898618,18.662084,TRUE
 4.838710,10.889441,TRUE
10.138249,12.553475,TRUE
15.898618,17.190240,TRUE
22.350230,16.577577,TRUE
27.880184,17.712427,TRUE
 4.838710,13.649900,TRUE
10.138249, 8.354199,TRUE
15.898618,12.878519,TRUE
22.350230,13.164188,TRUE
27.880184,12.094239,TRUE
 4.838710,11.882821,TRUE
15.898618,13.201860,TRUE
 4.838710, 9.990594,TRUE
10.138249,10.942844,TRUE
22.350230,13.329570,TRUE
27.880184,18.912730,TRUE
 4.838710, 8.240566,TRUE
10.138249,12.458570,TRUE
15.898618,16.594625,TRUE
22.350230,15.094340,TRUE
 4.838710,12.587992,TRUE
15.898618,15.063619,TRUE
22.119816,20.600221,TRUE
 4.838710,13.840739,TRUE
 4.838710,12.066753,TRUE
15.898618,18.550947,TRUE
22.119816,18.780209,TRUE
28.110599,20.026525,TRUE
 4.838710,13.707860,TRUE
15.898618,20.837256,TRUE
22.119816,24.969578,TRUE
28.110599,26.855229,TRUE
 4.838710,16.596073,TRUE
15.898618,19.290923,TRUE
22.119816,23.471092,TRUE
28.110599,19.929623,TRUE
 4.838710,13.514818,TRUE
15.898618,15.820828,TRUE
 4.838710, 9.878856,TRUE
15.898618,19.780451,TRUE
 4.838710,12.146811,TRUE
15.898618,17.392888,TRUE
22.119816,16.773421,TRUE
28.110599,11.801839,TRUE
 4.838710,12.911936,TRUE
15.898618,14.434217,TRUE
22.119816,10.789607,TRUE
28.110599,13.914036,TRUE
 4.838710,15.051139,TRUE
15.898618,18.414536,TRUE
 4.838710,12.474723,TRUE
 4.838710,11.925550,TRUE
28.110599,23.485323,TRUE
 4.838710,12.320910,TRUE
15.898618,12.360144,TRUE
 4.838710,12.211858,TRUE
10.138249,13.815320,TRUE
 4.838710,12.018889,TRUE
10.138249,22.846975,TRUE
10.138249,22.683618,FALSE
15.898618,22.284908,FALSE
22.350230,23.126298,FALSE
10.138249,13.558080,FALSE
15.898618,16.390261,FALSE
22.350230,16.973925,FALSE
10.138249,11.962650,FALSE
15.898618,11.235230,FALSE
22.350230,13.339839,FALSE
27.880184,19.407350,FALSE
10.138249,19.205945,FALSE
15.898618,19.401628,FALSE
10.138249,19.307826,FALSE
15.898618,19.294593,FALSE
10.138249,17.899017,FALSE
15.898618,18.361751,FALSE
10.138249,13.849793,FALSE
10.138249,11.069946,FALSE
15.898618,22.174009,FALSE
22.350230,13.006644,FALSE
27.880184,22.324570,FALSE
10.138249, 9.660968,FALSE
15.898618,16.242504,FALSE
27.880184,21.170507,FALSE
10.138249,13.795392,FALSE
15.898618,21.176298,FALSE
10.138249,10.532903,FALSE
15.898618,17.069839,FALSE
22.350230,19.648103,FALSE
10.138249,20.144171,FALSE
15.898618,20.739155,FALSE
22.350230,20.596060,FALSE
27.880184,21.594700,FALSE
10.138249,13.107834,FALSE
15.898618,16.387220,FALSE
 9.907834,11.142250,FALSE
15.898618,15.825684,FALSE
22.350230,18.068802,FALSE
15.898618,22.762773,FALSE
22.350230,16.239931,FALSE
15.898618,21.779217,FALSE
22.350230,22.363641,FALSE
27.880184,22.714816,FALSE
 9.907834,10.781767,FALSE
15.898618,19.911183,FALSE
15.898618,18.487220,FALSE
22.350230,19.561905,FALSE
27.880184,23.120668,FALSE
 9.907834,12.562143,FALSE
27.880184,23.118095,FALSE
 9.907834,12.752519,FALSE
15.898618,19.067327,FALSE
22.350230,20.952343,FALSE
27.880184,19.311237,FALSE
 9.907834,13.142066,FALSE
15.898618,18.209401,FALSE
22.350230,20.556436,FALSE
27.880184,21.979862,FALSE
 9.907834,14.181390,FALSE
15.898618,14.543541,FALSE
22.350230,18.059923,FALSE
 9.907834,11.806935,FALSE
15.898618,17.405361,FALSE
22.350230,14.150492,FALSE
 9.907834,10.970922,FALSE
15.898618,17.433717,FALSE
22.350230,14.955883,FALSE
15.898618,20.065783,FALSE
27.880184,14.885906,FALSE
 9.907834,14.429531,FALSE
15.898618,21.339009,FALSE
22.350230,16.379378,FALSE
 5.299539,11.679316,FALSE
 5.299539,12.717465,FALSE
10.138249,10.499693,FALSE
15.898618,13.087174,FALSE
22.119816,15.952074,FALSE
 5.299539, 9.228164,FALSE
10.138249, 8.748303,FALSE
15.898618,20.977266,FALSE
22.119816,14.326344,FALSE
 5.299539,10.395338,FALSE
10.138249,12.621060,FALSE
15.898618,14.599155,FALSE
22.119816,15.255799,FALSE
27.880184,18.726060,FALSE
 5.299539,11.445115,FALSE
10.138249, 8.743287,FALSE
15.898618,19.225438,FALSE
22.119816,21.279547,FALSE
27.880184,15.481513,FALSE
10.138249,12.960945,FALSE
15.898618,14.172028,FALSE
22.119816,15.460783,FALSE
27.880184,17.088041,FALSE
 5.299539,12.454754,FALSE
10.138249, 9.404555,FALSE
15.898618,14.818671,FALSE
22.119816,16.074570,FALSE
27.880184,19.173080,FALSE
 5.299539,12.737089,FALSE
10.138249, 9.866705,FALSE
15.898618,16.525822,FALSE
 5.299539,10.680100,FALSE
10.138249,12.572611,FALSE
15.898618,16.929516,FALSE
 5.299539,10.926152,FALSE
10.138249,11.498771,FALSE
15.898618,10.799301,FALSE
22.119816,20.877135,FALSE
27.880184,19.204624,FALSE
 5.299539,14.547473,FALSE
10.138249,10.318717,FALSE
15.898618,13.294270,FALSE
22.119816,14.099808,FALSE
27.880184,14.782143,FALSE
 5.299539,12.211774,FALSE
15.898618,19.914186,FALSE
22.119816,20.297995,FALSE
27.880184,16.750584,FALSE
 5.299539,10.267289,FALSE
10.138249,12.767519,FALSE
 5.299539,14.128349,FALSE
22.119816,17.472988,FALSE
27.880184,13.414109,FALSE
 5.299539,13.557074,FALSE
10.138249,11.046736,FALSE
15.898618,22.443203,FALSE
22.119816,21.509631,FALSE
 4.608295,10.658656,FALSE
15.898618,19.551359,FALSE
22.119816,17.685015,FALSE
 4.608295,10.235983,FALSE
10.138249, 9.688518,FALSE
22.119816,19.156912,FALSE
 4.608295, 9.969631,FALSE
15.898618,16.501252,FALSE
27.880184,18.469147,FALSE
 4.608295,10.050952,FALSE
15.898618,15.720553,FALSE
22.119816,16.897343,FALSE
22.119816,19.226743,FALSE
 4.608295,12.098333,FALSE
22.119816,17.115277,FALSE
27.880184,17.317481,FALSE
 4.608295,11.002058,FALSE
22.119816,22.880906,FALSE
27.880184,24.078464,FALSE
 4.608295,11.666429,FALSE
22.119816,22.068579,FALSE
27.880184,20.624685,FALSE
 4.608295,12.979854,FALSE
22.119816,20.596160,FALSE
 4.608295,12.674370,FALSE
22.119816,13.281467,FALSE
27.880184,15.902089,FALSE
22.119816,20.633041,FALSE
27.880184,21.538625,FALSE
 4.608295,10.821060,FALSE
22.119816,19.620730,FALSE
15.898618, 8.963525,FALSE
22.119816,20.347650,FALSE
27.880184,16.627212,FALSE
 4.838710,10.741628,FALSE
15.668203,15.850876,FALSE
21.889401,21.867320,FALSE
 4.838710,10.525192,FALSE
15.668203,12.136782,FALSE
21.889401,13.266690,FALSE
27.649770,13.970269,FALSE
 4.838710,13.223856,FALSE
15.668203,13.531436,FALSE
21.889401,13.660407,FALSE
15.668203,17.286605,FALSE
21.889401,18.256037,FALSE
15.668203,11.056805,FALSE
 4.838710, 8.758126,FALSE
15.668203,19.366513,FALSE
21.889401,16.203894,FALSE
 4.838710,10.131667,FALSE
21.889401,18.134631,FALSE
27.649770,20.102504,FALSE
 4.838710,11.185146,FALSE
15.668203,16.071060,FALSE
21.889401,18.084140,FALSE
 4.838710,11.616244,FALSE
 4.838710,11.815469,FALSE
15.668203,19.260522,FALSE
21.889401,18.418303,FALSE
 4.838710,11.765038,FALSE
10.138249,18.190484,FALSE
15.668203,15.864739,FALSE
21.889401,18.465315,FALSE
27.649770,19.827911,FALSE
 4.838710, 8.965476,FALSE
15.668203,16.370922,FALSE
 4.838710,10.253948,FALSE
 4.838710, 8.405323,FALSE
 4.838710,11.929562,FALSE
10.138249,10.090177,FALSE
15.668203,13.389455,FALSE
21.889401,12.723725,FALSE
 5.069124,10.691206,FALSE
 5.069124, 7.707596,FALSE
15.898618,22.685853,FALSE
 5.069124,10.110768,FALSE
15.898618,17.626344,FALSE
22.119816,19.343564,FALSE
27.880184,20.823687,FALSE
15.898618,17.216966,FALSE
 5.069124,11.870230,FALSE
15.898618,20.726528,FALSE
 5.069124,13.686743,FALSE
 5.069124,10.515983,FALSE
15.898618,20.982711,FALSE
22.119816,17.118702,FALSE
 5.069124, 8.676705,FALSE
10.138249, 9.284946,FALSE
15.898618,14.635876,FALSE
22.119816,17.201935,FALSE
27.880184,14.054524,FALSE
 5.069124, 9.486943,FALSE
10.138249,14.340799,FALSE
22.119816,14.959531,FALSE
27.880184,18.634194,FALSE
10.138249,15.759124,FALSE
15.898618,16.894109,FALSE
22.119816,16.652680,FALSE
27.880184,21.378134,FALSE
15.898618,13.659977,FALSE
22.119816,15.421590,FALSE
27.880184,18.862343,FALSE
10.138249,12.446613,FALSE
15.898618,20.165745,FALSE
27.880184,22.614992,FALSE
 5.069124, 8.620891,FALSE
10.138249,11.140538,FALSE
15.898618,14.102588,FALSE
22.119816,13.705192,FALSE
27.880184,19.932235,FALSE
10.138249,12.792857,FALSE
15.898618,13.039562,FALSE
 4.608295,10.167596,FALSE
10.138249,15.104048,FALSE
15.898618,19.237235,FALSE
22.119816,20.831475,FALSE
 4.608295,13.205591,FALSE
10.138249,16.865699,FALSE
15.898618,15.548886,FALSE
22.119816,20.786866,FALSE
 4.608295,10.029608,FALSE
10.138249,14.052197,FALSE
 4.608295,12.928172,FALSE
10.138249,17.398886,FALSE
15.898618,16.782112,FALSE
 4.608295,11.964163,FALSE
10.138249,13.687473,FALSE
15.898618,19.273157,FALSE
22.119816,20.896659,FALSE
27.880184,21.016667,FALSE
 4.608295, 9.981966,FALSE
22.119816,18.703848,FALSE
27.880184,21.054946,FALSE
 4.838710,14.638164,FALSE
10.138249,12.689309,FALSE
15.898618,17.817212,FALSE
22.119816,19.865653,FALSE
27.880184,21.114040,FALSE
 4.838710,14.326229,FALSE
10.138249,11.030276,FALSE
22.119816,17.878917,FALSE
27.880184,16.396736,FALSE
 4.608295,10.602542,FALSE
10.138249,19.147734,FALSE
15.898618,18.251951,FALSE
 4.608295,12.345630,FALSE
10.138249,18.322742,FALSE
15.898618,23.232028,FALSE
22.119816,14.613840,FALSE
 4.608295, 8.000015,FALSE
 4.608295,18.402642,FALSE
15.898618,16.939140,FALSE
10.138249,20.023618,FALSE
15.898618,11.849777,FALSE
27.880184,18.022450,FALSE
 4.838710,10.535952,FALSE
10.138249,16.045146,FALSE
15.898618,11.432266,FALSE
22.119816,14.101206,FALSE
15.898618,16.865561,FALSE
27.880184,22.002005,FALSE
 4.838710, 8.608740,FALSE
10.138249,13.388487,FALSE
15.898618,19.869862,FALSE
 4.838710, 8.822857,FALSE
10.138249,13.864985,FALSE
15.898618,16.173203,FALSE
22.119816,22.319508,FALSE
27.649770,15.153088,FALSE
15.898618,15.229470,FALSE
10.138249,15.601605,FALSE
15.898618,23.076252,FALSE
22.119816,16.707680,FALSE
27.649770,20.359270,FALSE
 4.838710, 9.267880,FALSE
15.898618,22.569954,FALSE
27.649770,15.025661,FALSE
10.138249,20.617980,FALSE
15.898618,26.252611,FALSE
22.119816,25.015261,FALSE
27.649770,25.256636,FALSE
10.138249,12.732788,FALSE
22.119816,20.734531,FALSE
27.649770,25.088679,FALSE
 4.838710,10.563694,FALSE
10.138249,13.519639,FALSE
15.898618,19.050476,FALSE
22.119816,21.529309,FALSE
27.649770,21.456498,FALSE
 4.838710,11.040131,FALSE
15.898618,14.990837,FALSE
22.119816,19.012535,FALSE
 4.838710,10.379693,FALSE
10.138249,18.796974,FALSE
15.898618,20.594324,FALSE
22.119816,20.681421,FALSE
10.138249,12.235768,FALSE
22.119816,19.910929,FALSE
27.649770,16.738871,FALSE
 4.838710,12.108303,FALSE
10.138249,14.874808,FALSE
15.898618,14.759363,FALSE
22.119816,18.619124,FALSE
27.649770,18.640753,FALSE
 4.838710, 9.670822,FALSE
10.138249,16.178510,FALSE
 4.838710, 8.620008,FALSE
 4.838710, 9.653249,FALSE
10.138249,14.411743,FALSE
 4.838710,10.310891,FALSE
10.138249,16.023072,FALSE
15.898618,21.149163,FALSE
22.119816,19.065223,FALSE
15.898618,14.267704,FALSE
 4.838710,11.263579,FALSE
15.898618,20.980614,FALSE
27.880184,16.966098,FALSE
 4.838710,17.518410,FALSE
15.898618,17.661628,FALSE
15.898618,24.627642,FALSE
 4.838710,14.306029,FALSE
15.898618,19.111905,FALSE
27.880184,21.209355,FALSE
15.898618,22.732250,FALSE
27.880184,21.901590,FALSE
 4.838710,21.152020,FALSE
15.898618,21.706029,FALSE
27.880184,22.167972,FALSE
 4.838710,17.372204,FALSE
15.898618,22.177066,FALSE
27.880184,18.925553,FALSE
 4.838710,15.300991,FALSE
15.898618,21.212680,FALSE
22.119816,25.705023,FALSE
 4.838710,17.733863,FALSE
10.138249,13.012650,FALSE
15.898618,21.881244,FALSE
22.119816,19.797903,FALSE
 4.838710,11.554178,FALSE
 4.838710,13.522127,FALSE
10.138249,23.555914,FALSE
22.119816,22.609908,FALSE
27.880184,22.905814,FALSE
 4.838710,19.899608,FALSE
10.138249,19.420975,FALSE
15.898618,20.998126,FALSE
22.119816,23.396429,FALSE
27.880184,12.361413,FALSE
10.138249,21.429478,FALSE
22.119816,15.800215,FALSE
27.880184,18.561928,FALSE
 4.838710,14.837081,FALSE
10.138249,19.272465,FALSE
15.898618,16.657565,FALSE
22.119816,26.556390,FALSE
27.880184,14.136820,FALSE
 4.838710, 8.477343,FALSE
10.138249,17.452089,FALSE
15.898618,19.260515,FALSE
27.880184,20.190530,FALSE
 4.838710,12.723725,FALSE
 4.838710,10.412665,FALSE
10.138249,21.344931,FALSE
15.898618,18.861843,FALSE
 4.838710,10.759862,FALSE
10.138249,13.185799,FALSE
15.898618,14.862104,FALSE
22.119816,20.181505,FALSE
 4.838710, 9.781820,FALSE
15.898618,20.595207,FALSE
15.898618,21.501237,FALSE
10.138249,14.234278,FALSE
15.898618,15.157796,FALSE
22.119816,20.106091,FALSE
 4.838710,19.481782,FALSE
15.898618,19.551843,FALSE
22.119816,24.496989,FALSE
27.880184,25.554601,FALSE
 4.838710,19.056167,FALSE
15.898618,20.804109,FALSE
22.119816,23.912427,FALSE
27.880184,26.728203,FALSE
 4.838710,18.857358,FALSE
15.898618,16.290699,FALSE
22.119816,18.184048,FALSE
 4.838710,19.742588,FALSE
15.898618,20.499862,FALSE
22.119816,24.324316,FALSE
15.898618,18.681959,FALSE
 4.838710,17.199747,FALSE
15.898618,18.725760,FALSE
22.119816,20.177849,FALSE
 4.838710,16.944232,FALSE
10.138249,14.440799,FALSE
15.898618,19.859670,FALSE
 4.838710,11.707035,FALSE
15.898618,19.693464,FALSE
22.350230,18.910829,FALSE
 4.838710,13.638126,FALSE
10.138249,18.222627,FALSE
 4.838710,16.444393,FALSE
22.350230,22.219923,FALSE
 4.838710,11.842650,FALSE
15.898618,22.516398,FALSE
22.350230,18.059086,FALSE
 4.838710,10.132780,FALSE
10.138249,18.792849,FALSE
15.898618,21.588602,FALSE
 4.838710,18.959132,FALSE
10.138249,22.119670,FALSE
15.898618,17.328134,FALSE
 4.838710,11.847803,FALSE
10.138249,18.994409,FALSE
15.898618,16.486244,FALSE
 4.838710,11.510246,FALSE
15.898618,17.320945,FALSE
22.350230,19.449186,FALSE
27.880184,21.416751,FALSE
15.898618,23.806743,FALSE
22.350230,21.762650,FALSE
15.898618,19.368810,FALSE
22.350230,22.929747,FALSE
27.880184,19.612926,FALSE
 4.838710,10.801659,FALSE
10.138249,15.336828,FALSE
15.898618,16.810269,FALSE
22.350230,20.218065,FALSE
27.880184,20.779240,FALSE
 4.838710,12.371244,FALSE
15.898618,18.581068,FALSE
 4.838710,13.458287,FALSE
15.898618,14.880991,FALSE
 4.838710,11.662473,FALSE
27.880184,15.728556,FALSE
 4.838710,14.284432,FALSE
22.350230,14.231767,FALSE
27.880184,22.549731,FALSE
 4.838710,14.809347,FALSE
10.138249,13.939278,FALSE
22.119816,22.386828,FALSE
28.110599,20.767189,FALSE
 4.838710,11.335353,FALSE
15.898618,16.820315,FALSE
28.110599,22.287865,FALSE
10.138249,16.107573,FALSE
15.898618,21.058187,FALSE
 4.838710,11.454316,FALSE
10.138249,15.864363,FALSE
22.119816,18.569470,FALSE
28.110599,20.217273,FALSE
 4.838710,11.673564,FALSE
10.138249,14.265161,FALSE
15.898618,18.082450,FALSE
22.119816,18.244363,FALSE
10.138249,12.361045,FALSE
15.898618,13.989839,FALSE
28.110599,23.453694,FALSE
 4.838710,12.735461,FALSE
10.138249,16.964562,FALSE
15.898618,25.465799,FALSE
 4.838710,10.996797,FALSE
10.138249,12.558909,FALSE
 4.838710,14.296897,FALSE
10.138249,20.060492,FALSE
15.898618,11.990361,FALSE
22.119816,17.441421,FALSE
28.110599,19.525422,FALSE
 4.838710,20.190614,FALSE
10.138249,25.347227,FALSE
15.898618,22.109071,FALSE
 4.838710,15.856429,FALSE
10.138249,21.950131,FALSE
 4.838710,12.298134,FALSE
10.138249,14.749793,FALSE
15.898618,23.315230,FALSE
22.119816,21.650868,FALSE
28.110599,22.686659,FALSE
 4.838710,10.847934,FALSE
10.138249,23.316037,FALSE
15.898618,23.034048,FALSE
22.119816,22.951920,FALSE
28.110599,20.749386,FALSE
 4.838710,14.190975,FALSE
15.898618,16.043495,FALSE
22.119816,16.946321,FALSE
28.110599,16.485238,FALSE
 4.838710,10.979370,FALSE
10.138249,24.765845,FALSE
15.898618,19.877066,FALSE
22.119816,22.606513,FALSE
 4.838710,10.950676,FALSE
10.138249,22.104616,FALSE
22.119816,20.401782,FALSE
15.898618,20.404101,FALSE
22.350230,18.129140,FALSE
27.880184,18.836782,FALSE
10.138249,13.416582,FALSE
10.138249,10.907750,FALSE
15.898618,14.058664,FALSE
22.350230,15.421160,FALSE
27.880184,16.885707,FALSE
10.138249,15.077650,FALSE
15.898618,14.769247,FALSE
22.350230,18.722865,FALSE
27.880184,17.076805,FALSE
10.138249,16.388802,FALSE
10.138249,18.803057,FALSE
15.898618,13.430837,FALSE
22.350230,18.783026,FALSE
27.880184,20.209224,FALSE
10.138249,17.629355,FALSE
15.898618,21.618694,FALSE
10.138249,13.832419,FALSE
15.898618,17.688326,FALSE
27.880184,14.930399,FALSE
10.138249,12.532803,FALSE
15.898618,19.361075,FALSE
22.350230,18.400023,FALSE
10.138249,10.219301,FALSE
15.898618,14.665637,FALSE
22.350230,18.144869,FALSE
27.880184,15.178955,FALSE
10.138249,13.681283,FALSE
15.898618,16.078917,FALSE
22.350230,18.855584,FALSE
10.138249,14.988226,FALSE
15.898618,19.561559,FALSE
22.350230,19.758548,FALSE
10.138249,12.331359,FALSE
15.898618,19.515760,FALSE
22.350230,20.346651,FALSE
27.880184,18.493364,FALSE
10.138249,14.184854,FALSE
10.138249,11.322227,FALSE
15.898618,13.098794,FALSE
22.350230,15.556175,FALSE
27.880184,17.611444,FALSE
10.138249,11.387404,FALSE
15.898618,10.596851,FALSE
 9.907834,10.465637,FALSE
15.898618,12.513587,FALSE
22.350230,18.568687,FALSE
 9.907834, 9.643425,FALSE
15.898618,14.160622,FALSE
22.350230,17.241375,FALSE
27.880184,21.929339,FALSE
 9.907834,11.708065,FALSE
15.898618,11.844002,FALSE
 9.907834,11.968610,FALSE
15.898618,12.740899,FALSE
22.350230,18.290253,FALSE
 9.907834,13.364616,FALSE
15.898618,15.429301,FALSE
22.350230,16.389969,FALSE
27.880184,19.129040,FALSE
 9.907834,11.902481,FALSE
15.898618,12.374885,FALSE
 9.907834,10.414962,FALSE
15.898618,15.173656,FALSE
22.350230,15.281321,FALSE
 9.907834,13.611621,FALSE
15.898618,16.311966,FALSE
22.350230,21.544378,FALSE
27.880184,25.478594,FALSE
 9.907834,16.187865,FALSE
15.898618,13.145891,FALSE
 9.907834,19.114869,FALSE
15.898618,14.942304,FALSE
27.880184,13.008026,FALSE
15.898618,15.190538,FALSE
22.350230,14.401851,FALSE
27.880184,19.824616,FALSE
 9.907834,11.833418,FALSE
15.898618,20.557442,FALSE
22.350230,18.987320,FALSE
27.880184,22.357051,FALSE
 9.907834,12.201574,FALSE
22.350230,15.230461,FALSE
 5.299539,10.679086,FALSE
10.138249, 9.159654,FALSE
15.898618,22.525399,FALSE
22.119816,16.042243,FALSE
 5.299539,13.035737,FALSE
10.138249,12.738510,FALSE
15.898618,20.571083,FALSE
22.119816,17.413111,FALSE
27.880184,21.570177,FALSE
 5.299539,13.170038,FALSE
10.138249,11.121897,FALSE
15.898618,21.456260,FALSE
 5.299539, 8.737212,FALSE
10.138249, 9.930584,FALSE
15.898618,17.212404,FALSE
 5.299539,12.716713,FALSE
10.138249, 9.048618,FALSE
15.898618,14.994124,FALSE
22.119816,15.244585,FALSE
 5.299539, 8.437980,FALSE
10.138249,12.064923,FALSE
 5.299539, 9.954470,FALSE
10.138249, 9.142473,FALSE
15.898618,21.858986,FALSE
22.119816,19.437212,FALSE
27.880184,20.632780,FALSE
10.138249,10.425922,FALSE
15.898618,18.552412,FALSE
22.119816,20.441720,FALSE
27.880184,20.253856,FALSE
10.138249, 9.576252,FALSE
15.898618,22.593833,FALSE
22.119816,21.542573,FALSE
27.880184,21.637550,FALSE
 5.299539, 8.579662,FALSE
10.138249,11.989048,FALSE
15.898618,18.781413,FALSE
22.119816,22.998272,FALSE
10.138249,10.825061,FALSE
15.898618,19.951521,FALSE
22.119816,22.547742,FALSE
 5.299539,11.504823,FALSE
10.138249,10.196920,FALSE
15.898618,10.198441,FALSE
22.119816,21.154378,FALSE
27.880184,16.815315,FALSE
 5.299539,11.508141,FALSE
10.138249, 9.334393,FALSE
22.119816,22.457012,FALSE
27.880184,21.981137,FALSE
10.138249,11.115822,FALSE
22.119816,18.145668,FALSE
27.880184,17.923664,FALSE
 5.299539,12.200684,FALSE
15.898618,14.678341,FALSE
22.119816,18.279378,FALSE
 5.299539,11.464048,FALSE
10.138249,10.623871,FALSE
 4.608295,12.284109,FALSE
15.898618,11.518710,FALSE
 4.608295,10.378940,FALSE
 4.608295,11.458886,FALSE
22.119816,14.210200,FALSE
 4.608295, 9.596390,FALSE
27.880184,19.887043,FALSE
 4.608295,14.391083,FALSE
10.138249,16.343664,FALSE
15.898618,13.342151,FALSE
22.119816,16.116275,FALSE
27.880184,22.730008,FALSE
 4.608295,12.662573,FALSE
15.898618,11.071075,FALSE
22.119816,13.879147,FALSE
15.898618,11.272243,FALSE
27.880184,23.997112,FALSE
15.898618,12.001728,FALSE
22.119816,13.673848,FALSE
27.880184,22.639263,FALSE
 4.608295,10.438195,FALSE
27.880184,21.616129,FALSE
 4.608295, 9.460868,FALSE
15.898618,15.021528,FALSE
22.119816,15.657988,FALSE
15.898618,19.439516,FALSE
22.119816,20.940422,FALSE
27.880184,21.273902,FALSE
 4.608295,10.854501,FALSE
10.138249,16.479670,FALSE
27.880184,22.961774,FALSE
 4.838710,10.828195,FALSE
15.668203,19.620015,FALSE
21.889401,19.575568,FALSE
27.649770,14.542542,FALSE
27.649770,20.133564,FALSE
22.119816,23.641429,FALSE
27.649770,21.445415,FALSE
 4.838710, 9.237081,FALSE
15.668203,17.092734,FALSE
22.119816,19.360469,FALSE
 4.838710,11.121375,FALSE
15.668203,15.728863,FALSE
27.649770,14.512281,FALSE
 4.838710,12.190092,FALSE
10.138249,21.013118,FALSE
15.668203,18.432450,FALSE
15.668203,20.803779,FALSE
22.119816,23.281459,FALSE
27.649770,22.203763,FALSE
 4.838710,12.186590,FALSE
15.668203,20.169846,FALSE
22.119816,19.217742,FALSE
 4.838710,12.034470,FALSE
15.668203,12.741214,FALSE
22.119816,15.000161,FALSE
 4.838710,10.183978,FALSE
15.668203,13.864939,FALSE
22.119816,17.999885,FALSE
 4.838710,12.004117,FALSE
 4.838710,11.898756,FALSE
15.668203,22.237780,FALSE
22.119816,22.565084,FALSE
 4.838710,10.811598,FALSE
15.668203,18.669631,FALSE
22.119816,18.538272,FALSE
27.649770,22.570637,FALSE
 4.838710,13.350998,FALSE
15.668203,19.432166,FALSE
22.119816,21.595845,FALSE
27.649770,16.853917,FALSE
 4.838710, 8.366866,FALSE
15.668203,19.664785,FALSE
 5.069124,16.563556,FALSE
15.898618,15.585691,FALSE
22.119816,18.671006,FALSE
 5.069124,13.444892,FALSE
15.898618,21.209071,FALSE
22.119816,17.410745,FALSE
27.880184,22.044501,FALSE
 5.069124,19.595131,FALSE
15.898618,20.119002,FALSE
 5.069124,19.397880,FALSE
22.119816,20.901098,FALSE
 5.069124,23.518249,FALSE
 5.069124,10.950154,FALSE
15.898618,20.084670,FALSE
22.119816,22.065515,FALSE
15.898618,16.691813,FALSE
22.119816,20.568955,FALSE
 5.069124,13.006605,FALSE
15.898618,21.020361,FALSE
22.119816,19.191982,FALSE
27.880184,20.619923,FALSE
 5.069124,10.078664,FALSE
15.898618,21.706244,FALSE
22.119816,17.813948,FALSE
 5.069124,11.265300,FALSE
15.898618,21.377734,FALSE
22.119816,18.327028,FALSE
27.880184,17.162665,FALSE
 5.069124, 9.381920,FALSE
15.898618,17.910561,FALSE
 5.069124,11.209708,FALSE
15.898618,17.022911,FALSE
22.119816,25.093111,FALSE
27.880184,21.302642,FALSE
 5.069124, 7.237765,FALSE
15.898618,21.316598,FALSE
22.119816,25.716636,FALSE
27.880184,21.135922,FALSE
 5.069124,14.001114,FALSE
 4.608295,12.062066,FALSE
10.138249,15.268587,FALSE
15.898618,23.860430,FALSE
22.119816,21.744762,FALSE
 4.608295,12.540553,FALSE
10.138249,11.042166,FALSE
15.898618,21.607742,FALSE
27.880184,25.428817,FALSE
10.138249,10.462435,FALSE
15.898618,12.270661,FALSE
27.880184,19.637742,FALSE
 4.608295,11.380161,FALSE
10.138249,11.324117,FALSE
15.898618,16.831797,FALSE
22.119816,20.616398,FALSE
27.880184,18.762734,FALSE
 4.838710,10.612834,FALSE
15.898618,22.678802,FALSE
22.119816,22.666544,FALSE
27.880184,24.123525,FALSE
 4.608295, 9.545530,FALSE
10.138249,11.870399,FALSE
15.898618,20.933295,FALSE
22.119816,21.464263,FALSE
27.880184,22.721244,FALSE
 4.608295,10.935277,FALSE
10.138249,15.156444,FALSE
 4.608295,11.101390,FALSE
10.138249,14.429900,FALSE
15.898618,21.512235,FALSE
 4.608295,10.823264,FALSE
10.138249,11.322819,FALSE
15.898618,22.281014,FALSE
10.138249,11.277481,FALSE
15.898618,23.091475,FALSE
22.119816,24.237711,FALSE
 4.608295,12.204370,FALSE
 4.608295, 9.021613,FALSE
10.138249,13.325422,FALSE
15.898618,19.874892,FALSE
 4.608295,11.332128,FALSE
10.138249,13.425046,FALSE
15.898618,24.091475,FALSE
22.119816,23.295046,FALSE
 4.608295,12.943395,FALSE
10.138249,11.499793,FALSE
15.898618,20.574739,FALSE
22.119816,23.713141,FALSE
 4.838710,10.171313,FALSE
10.138249,13.782757,FALSE
22.119816,22.427512,FALSE
27.880184,23.358948,FALSE
10.138249,11.663195,FALSE
15.898618,22.774685,FALSE
22.119816,21.256736,FALSE
27.880184,23.871413,FALSE
 4.838710, 9.067458,FALSE
10.138249,12.857665,FALSE
15.898618,23.124332,FALSE
 4.838710, 9.776559,FALSE
10.138249,12.321421,FALSE
22.119816,18.895530,FALSE
 4.838710,12.132204,FALSE
10.138249,22.352335,FALSE
15.898618,24.449493,FALSE
 4.838710, 9.336982,FALSE
15.898618,21.360545,FALSE
27.649770,27.397719,FALSE
 4.838710,11.616651,FALSE
10.138249, 9.928195,FALSE
15.898618,23.734578,FALSE
27.649770,22.975645,FALSE
 4.838710,10.920553,FALSE
 4.838710,11.202865,FALSE
10.138249,12.082496,FALSE
27.649770,22.576790,FALSE
 4.838710,11.745453,FALSE
10.138249,23.047189,FALSE
27.649770,22.287089,FALSE
 4.838710, 9.654447,FALSE
10.138249,10.340822,FALSE
 4.838710, 8.316006,FALSE
10.138249,11.879201,FALSE
22.119816,12.933111,FALSE
27.649770,23.745868,FALSE
10.138249,15.220177,FALSE
22.119816,17.141275,FALSE
27.649770,25.916244,FALSE
 4.838710,11.967289,FALSE
10.138249,12.140469,FALSE
22.119816,17.813180,FALSE
27.649770,23.158763,FALSE
 4.838710, 9.490614,FALSE
10.138249,11.715922,FALSE
 4.838710,10.195952,FALSE
10.138249,13.493641,FALSE
22.119816,14.305376,FALSE
27.649770,23.629677,FALSE
 4.838710,10.574048,FALSE
10.138249,11.715061,FALSE
15.898618,12.351728,FALSE
27.649770,19.433018,FALSE
 4.838710,10.112773,FALSE
10.138249,13.651421,FALSE
15.898618,23.856920,FALSE
27.649770,27.783748,FALSE
 4.838710,16.595845,FALSE
15.898618,20.905730,FALSE
22.119816,20.105369,FALSE
 4.838710,10.333525,FALSE
10.138249,15.206436,FALSE
15.898618,23.985215,FALSE
 4.838710,11.109547,FALSE
15.898618,22.493679,FALSE
22.119816,18.723618,FALSE
27.880184,23.157158,FALSE
 4.838710,12.049025,FALSE
10.138249,14.120991,FALSE
22.119816,15.184631,FALSE
27.880184,15.714178,FALSE
 4.838710,10.791221,FALSE
10.138249,10.683863,FALSE
15.898618,21.461006,FALSE
22.119816,20.130146,FALSE
10.138249,13.720292,FALSE
22.119816,22.581959,FALSE
10.138249,13.997488,FALSE
15.898618,13.457796,FALSE
 4.838710,10.195300,FALSE
10.138249,13.249601,FALSE
15.898618,23.476421,FALSE
22.119816,20.375937,FALSE
27.880184,22.645038,FALSE
 4.838710,12.355346,FALSE
10.138249,13.377619,FALSE
 4.838710,14.215883,FALSE
10.138249,11.651083,FALSE
15.898618,22.525131,FALSE
 4.838710,13.147995,FALSE
10.138249,12.003241,FALSE
22.119816,23.196513,FALSE
 4.838710,12.264616,FALSE
10.138249,14.419862,FALSE
15.898618,18.428856,FALSE
 4.838710, 9.494316,FALSE
10.138249,11.040883,FALSE
15.898618,24.624770,FALSE
22.119816,15.846828,FALSE
10.138249,13.313195,FALSE
15.898618,18.286997,FALSE
22.119816,21.896190,FALSE
 4.838710,12.634332,FALSE
10.138249,15.783425,FALSE
15.898618,15.625161,FALSE
10.138249,14.122573,FALSE
 4.838710,11.299032,FALSE
10.138249,21.064670,FALSE
15.898618,18.041160,FALSE
 4.838710,13.261790,FALSE
10.138249,14.050284,FALSE
15.898618,16.586575,FALSE
22.119816,24.971290,FALSE
 4.838710, 8.283341,FALSE
10.138249,13.358356,FALSE
15.898618,17.083833,FALSE
22.119816,24.040945,FALSE
15.898618,26.144892,FALSE
22.119816,26.426382,FALSE
 4.838710,15.669293,FALSE
15.898618,19.392005,FALSE
22.119816,26.620300,FALSE
 4.838710,11.331144,FALSE
22.119816,23.142389,FALSE
 4.838710,12.335461,FALSE
10.138249,16.923364,FALSE
15.898618,22.312611,FALSE
10.138249,21.889470,FALSE
15.898618,20.395630,FALSE
22.119816,24.881459,FALSE
 4.838710,11.595031,FALSE
 4.838710,11.594224,FALSE
10.138249,17.279816,FALSE
15.898618,23.282527,FALSE
 4.838710,13.558740,FALSE
10.138249,19.651905,FALSE
 4.838710,10.242458,FALSE
22.119816,23.441068,FALSE
 4.838710,11.658533,FALSE
10.138249,20.045146,FALSE
15.898618,22.207650,FALSE
22.119816,22.758625,FALSE
 4.838710,11.976621,FALSE
10.138249,14.591528,FALSE
 4.838710,11.347312,FALSE
15.898618,21.791037,FALSE
 4.838710, 9.910376,FALSE
10.138249,16.312465,FALSE
15.898618,15.706590,FALSE
22.119816,18.051974,FALSE
27.880184,21.972112,FALSE
 4.838710,12.694854,FALSE
10.138249,22.990983,FALSE
22.350230,26.117965,FALSE
 4.838710,14.456636,FALSE
10.138249,23.559048,FALSE
10.138249,21.507043,FALSE
15.898618,18.803026,FALSE
22.350230,20.475914,FALSE
 4.838710,10.467780,FALSE
10.138249,22.131728,FALSE
22.350230,19.046966,FALSE
27.880184,21.076413,FALSE
 4.838710,11.573725,FALSE
10.138249,23.940269,FALSE
22.350230,22.176982,FALSE
27.880184,26.430730,FALSE
 4.838710,12.433195,FALSE
10.138249,23.131536,FALSE
22.350230,22.052642,FALSE
 4.838710,15.223525,FALSE
 4.838710,13.249831,FALSE
10.138249,22.779485,FALSE
27.880184,24.454931,FALSE
 4.838710,10.997596,FALSE
 4.838710,13.671559,FALSE
22.350230,20.095975,FALSE
27.880184,21.594770,FALSE
 4.838710,11.819286,FALSE
22.350230,20.850653,FALSE
 4.838710, 9.377711,FALSE
15.898618,20.771743,FALSE
22.350230,21.788886,FALSE
 4.838710,11.236406,FALSE
15.898618,18.828487,FALSE
22.350230,21.278433,FALSE
27.880184,23.979923,FALSE
 4.838710, 9.189731,FALSE
27.880184,24.038694,FALSE
10.138249,24.226091,FALSE
22.350230,21.546237,FALSE
27.880184,22.426575,FALSE
10.138249,21.562911,FALSE
15.898618,22.628986,FALSE
22.350230,22.707327,FALSE
 4.838710,19.496782,FALSE
10.138249,20.841321,FALSE
22.119816,23.753172,FALSE
 4.838710, 9.576459,FALSE
10.138249,18.654002,FALSE
22.119816,21.677281,FALSE
28.110599,16.988886,FALSE
10.138249,20.044800,FALSE
28.110599,18.860922,FALSE
 4.838710,18.594055,FALSE
10.138249,20.746866,FALSE
22.119816,23.121782,FALSE
 4.838710,15.216651,FALSE
28.110599,19.902327,FALSE
 4.838710,13.817396,FALSE
10.138249,20.779462,FALSE
 4.838710,17.159424,FALSE
10.138249,17.680330,FALSE
22.119816,21.263364,FALSE
28.110599,17.706068,FALSE
 4.838710,17.840207,FALSE
10.138249,19.043257,FALSE
 4.838710,11.475246,FALSE
10.138249,22.036912,FALSE
22.119816,24.618072,FALSE
28.110599,17.413986,FALSE
 4.838710,14.121267,FALSE
10.138249,22.676298,FALSE
15.898618,15.345653,FALSE
22.119816,22.796075,FALSE
 4.838710,18.112942,FALSE
10.138249,23.637857,FALSE
15.898618,21.111536,FALSE
28.110599,17.461882,FALSE
 4.838710,12.648948,FALSE
15.898618,14.469816,FALSE
22.119816,25.109485,FALSE
28.110599,28.083402,FALSE
 4.838710,15.049639,FALSE
10.138249,20.066214,FALSE
15.898618,17.963587,FALSE
28.110599,19.871167,FALSE
 4.838710, 8.505415,FALSE
28.110599,21.841851,FALSE
 4.838710,20.303794,FALSE
10.138249,23.882089,FALSE
10.138249,10.072120,FALSE
15.898618,21.628602,FALSE
22.350230,21.990776,FALSE
27.880184,19.874293,FALSE
10.138249,14.400300,FALSE
15.898618,19.206313,FALSE
22.350230,15.063817,FALSE
27.880184,21.701935,FALSE
10.138249,14.530476,FALSE
15.898618,17.392419,FALSE
22.350230,24.396912,FALSE
27.880184,25.448779,FALSE
10.138249,16.509616,FALSE
22.350230,25.004524,FALSE
27.880184,22.124147,FALSE
10.138249,14.046997,FALSE
15.898618,17.289593,FALSE
10.138249,13.594685,FALSE
15.898618,15.687949,FALSE
22.350230,22.542243,FALSE
10.138249,13.169048,FALSE
15.898618,20.250230,FALSE
22.350230,23.224247,FALSE
10.138249,13.788886,FALSE
10.138249,12.045438,FALSE
15.898618,20.502727,FALSE
22.350230,18.063625,FALSE
27.880184,16.701774,FALSE
10.138249,12.207074,FALSE
22.350230,16.819339,FALSE
27.880184,15.208072,FALSE
10.138249,11.592427,FALSE
15.898618,16.669071,FALSE
22.350230,21.651521,FALSE
27.880184,17.969501,FALSE
10.138249,17.203687,FALSE
15.898618,15.710822,FALSE
10.138249,13.617273,FALSE
15.898618,15.816513,FALSE
10.138249,13.569240,FALSE
15.898618,13.910768,FALSE
22.350230,20.119025,FALSE
27.880184,15.528472,FALSE
10.138249,18.086743,FALSE
15.898618,23.600023,FALSE
22.350230,21.677642,FALSE
 9.907834,11.565407,FALSE
15.898618,15.658103,FALSE
22.350230,18.630184,FALSE
 9.907834,13.032097,FALSE
15.898618,18.509800,FALSE
22.350230,21.516006,FALSE
 9.907834,14.770330,FALSE
15.898618,20.669140,FALSE
22.350230,16.242934,FALSE
27.880184,19.876052,FALSE
 9.907834,13.086091,FALSE
15.898618,14.791920,FALSE
 9.907834,13.389117,FALSE
15.898618,14.834570,FALSE
 9.907834,15.133602,FALSE
22.350230,22.836321,FALSE
27.880184,19.153502,FALSE
 9.907834,13.076759,FALSE
15.898618,15.132627,FALSE
27.880184,25.846859,FALSE
 9.907834,13.669931,FALSE
15.898618,20.689831,FALSE
27.880184,23.391989,FALSE
 9.907834, 8.994501,FALSE
15.898618,20.958310,FALSE
15.898618,15.881467,FALSE
22.350230,19.318203,FALSE
 9.907834,11.691006,FALSE
15.898618,17.057396,FALSE
22.350230,21.962450,FALSE
27.880184,22.185637,FALSE
 9.907834,11.224693,FALSE
15.898618,15.049977,FALSE
22.350230,14.383157,FALSE
27.880184,16.827750,FALSE
 9.907834,12.301828,FALSE
15.898618,20.296267,FALSE
22.350230,19.437465,FALSE
 9.907834,10.488740,FALSE
15.898618,18.206068,FALSE
22.350230,19.995499,FALSE
 9.907834, 9.422358,FALSE
15.898618,20.096774,FALSE
 9.907834, 9.887320,FALSE
15.898618,16.075538,FALSE
22.350230,12.807258,FALSE
27.880184,21.105776,FALSE
 5.299539, 9.073226,FALSE
15.898618,13.517389,FALSE
22.119816,17.927688,FALSE
27.880184,19.842174,FALSE
15.898618,14.224462,FALSE
22.119816,13.992273,FALSE
27.880184,16.882742,FALSE
22.119816,14.239624,FALSE
27.880184,18.868203,FALSE
15.898618,18.830737,FALSE
22.119816,16.687988,FALSE
22.119816,21.658817,FALSE
27.880184,16.213103,FALSE
15.898618,18.780699,FALSE
22.119816,16.726513,FALSE
27.880184,21.346828,FALSE
15.898618,14.793648,FALSE
22.119816,19.901006,FALSE
27.880184,19.327404,FALSE
15.898618,13.323679,FALSE
22.119816,13.757680,FALSE
27.880184,14.470998,FALSE
15.898618,17.209892,FALSE
22.119816,16.193233,FALSE
27.880184,15.092919,FALSE
15.898618,14.541129,FALSE
22.119816,14.874624,FALSE
27.880184,13.336997,FALSE
15.898618,15.241551,FALSE
22.119816,15.659777,FALSE
22.119816,17.793794,FALSE
27.880184,23.263955,FALSE
15.898618,18.979723,FALSE
22.119816,19.552673,FALSE
15.898618,17.099747,FALSE
10.138249, 9.076137,FALSE
22.119816,20.938018,FALSE
27.880184,23.677811,FALSE
 4.608295,10.232519,FALSE
15.898618,12.345453,FALSE
22.119816,11.455353,FALSE
27.880184,17.533149,FALSE
 4.608295,12.640069,FALSE
 4.608295,12.168195,FALSE
15.898618,22.043840,FALSE
22.119816,23.508625,FALSE
27.880184,20.063856,FALSE
15.898618,14.388495,FALSE
22.119816,20.494816,FALSE
 4.608295,13.792926,FALSE
15.898618,15.047980,FALSE
22.119816,19.999493,FALSE
 4.608295,11.416920,FALSE
 4.608295, 9.212512,FALSE
10.138249,12.409977,FALSE
15.898618,15.342250,FALSE
22.119816,14.953986,FALSE
27.880184,19.529370,FALSE
 4.608295,11.182488,FALSE
27.880184,19.904339,FALSE
10.138249,11.957204,FALSE
15.898618,21.969962,FALSE
22.119816,20.301406,FALSE
27.880184,23.862834,FALSE
 4.608295,10.326052,FALSE
22.119816,14.407496,FALSE
10.138249,14.521452,FALSE
22.119816,21.089793,FALSE
27.880184,26.027043,FALSE
 4.608295,10.885445,FALSE
10.138249,13.715722,FALSE
22.119816,23.066490,FALSE
 4.608295, 9.810653,FALSE
15.898618,17.949800,FALSE
22.119816,20.110115,FALSE
27.880184,15.007680,FALSE
10.138249,11.204386,FALSE
 4.838710,12.160399,FALSE
10.138249,14.919255,FALSE
15.668203,21.786582,FALSE
 4.838710, 8.992212,FALSE
 4.838710,12.596751,FALSE
10.138249,12.407773,FALSE
 4.838710,11.383763,FALSE
10.138249,10.671306,FALSE
15.668203,17.100223,FALSE
21.889401,15.156621,FALSE
 4.838710,12.023318,FALSE
15.668203,14.250146,FALSE
 4.838710,13.728963,FALSE
15.668203,18.046298,FALSE
21.889401,16.906152,FALSE
27.649770,19.846014,FALSE
 4.838710,10.967727,FALSE
10.138249,14.444224,FALSE
15.668203,15.888003,FALSE
27.649770,21.726375,FALSE
 4.838710,11.093902,FALSE
10.138249,11.003372,FALSE
21.889401,14.560246,FALSE
 4.838710, 9.113118,FALSE
27.649770,22.403802,FALSE
 4.838710, 8.819462,FALSE
15.668203,19.714578,FALSE
21.889401,16.061866,FALSE
15.668203,13.802151,FALSE
21.889401,13.910161,FALSE
27.649770,14.111505,FALSE
 4.838710,11.702258,FALSE
10.138249,17.647373,FALSE
15.668203,21.716014,FALSE
21.889401,15.590637,FALSE
 5.069124,10.955023,FALSE
 9.907834,17.139224,FALSE
15.668203,17.524485,FALSE
22.119816,20.855515,FALSE
 9.907834,18.678925,FALSE
15.668203,15.707112,FALSE
22.119816,24.658218,FALSE
 9.907834,16.616029,FALSE
15.668203,17.073694,FALSE
22.119816,18.143763,FALSE
27.880184,21.906989,FALSE
 5.069124, 9.953233,FALSE
 9.907834,21.273218,FALSE
15.668203,26.722151,FALSE
22.119816,22.296106,FALSE
27.880184,25.992043,FALSE
 9.907834,12.729078,FALSE
27.880184,18.189309,FALSE
 9.907834,10.403034,FALSE
27.880184,22.222104,FALSE
 9.907834,17.283149,FALSE
15.668203,15.523226,FALSE
 9.907834,21.080515,FALSE
15.898618,17.463863,FALSE
22.119816,17.802972,FALSE
27.880184,24.027174,FALSE
15.898618,18.435300,FALSE
22.119816,22.001567,FALSE
27.880184,14.771413,FALSE
10.138249,20.636144,FALSE
15.898618,13.022627,FALSE
22.119816,14.388257,FALSE
 5.069124, 9.852773,FALSE
10.138249,10.126982,FALSE
15.898618,16.148571,FALSE
22.119816,21.303341,FALSE
27.880184,20.602189,FALSE
 5.069124,10.956751,FALSE
10.138249,13.908149,FALSE
15.898618,17.750561,FALSE
10.138249,10.674616,FALSE
15.898618,16.348118,FALSE
22.119816,18.265607,FALSE
 5.069124,13.185591,FALSE
10.138249,10.182995,FALSE
15.898618,16.519324,FALSE
22.119816,13.848687,FALSE
 4.838710,10.561252,FALSE
10.138249,19.872020,FALSE
15.898618,15.569501,FALSE
22.119816,20.808187,FALSE
27.880184,21.921920,FALSE
 4.838710,13.869501,FALSE
10.138249,15.595975,FALSE
10.138249,17.551751,FALSE
15.898618,13.833449,FALSE
22.119816,21.875591,FALSE
27.880184,22.593495,FALSE
 4.838710,14.119386,FALSE
10.138249,15.180207,FALSE
22.119816,18.647235,FALSE
 4.608295,18.871283,FALSE
10.138249,12.992389,FALSE
15.898618,18.396144,FALSE
 4.838710,13.639854,FALSE
10.138249,13.914723,FALSE
15.898618,14.488065,FALSE
22.119816,17.778986,FALSE
 4.608295, 8.932926,FALSE
10.138249,13.729808,FALSE
15.898618,16.670522,FALSE
22.119816,19.230645,FALSE
27.880184,17.848840,FALSE
 4.608295,10.307873,FALSE
10.138249,16.814186,FALSE
15.898618,15.596052,FALSE
22.119816,24.517519,FALSE
10.138249,17.459501,FALSE
15.898618,16.731260,FALSE
22.119816,16.749939,FALSE
 4.608295, 9.611467,FALSE
10.138249,19.942458,FALSE
 4.838710, 8.928372,FALSE
10.138249,18.639639,FALSE
15.898618,15.512880,FALSE
22.119816,16.715576,FALSE
27.880184,14.567012,FALSE
 4.608295,12.466836,FALSE
10.138249,11.015576,FALSE
15.898618,13.969785,FALSE
10.138249,20.665054,FALSE
 4.838710,12.740645,FALSE
15.898618,10.539071,FALSE
 4.838710, 8.494063,FALSE
10.138249,17.647335,FALSE
15.898618,14.230138,FALSE
 4.838710,12.453318,FALSE
10.138249,15.790161,FALSE
15.898618,22.668986,FALSE
22.119816,23.374301,FALSE
27.649770,18.086267,FALSE
 4.838710,10.324002,FALSE
10.138249,17.405622,FALSE
15.898618,11.671237,FALSE
22.119816,21.673679,FALSE
27.649770,17.628817,FALSE
 4.838710,10.569854,FALSE
10.138249,10.711237,FALSE
15.898618,13.273287,FALSE
22.119816,21.650492,FALSE
10.138249,14.504885,FALSE
10.138249,14.422811,FALSE
15.898618,19.744332,FALSE
22.119816,18.142158,FALSE
27.649770,21.479508,FALSE
 4.838710,11.345469,FALSE
10.138249,13.400614,FALSE
15.898618,13.297742,FALSE
 4.838710,12.521951,FALSE
10.138249,15.696866,FALSE
15.898618,25.340829,FALSE
27.649770,16.836298,FALSE
 4.838710, 8.368556,FALSE
 4.838710,13.417573,FALSE
15.898618,17.870568,FALSE
22.119816,16.596336,FALSE
10.138249,12.433003,FALSE
15.898618,19.772581,FALSE
22.119816,22.490845,FALSE
27.649770,15.741045,FALSE
 4.838710,10.090545,FALSE
10.138249,16.581690,FALSE
15.898618,17.945561,FALSE
22.119816,23.302312,FALSE
27.649770,21.115730,FALSE
 4.838710,11.271221,FALSE
15.898618,21.669977,FALSE
22.119816,22.961436,FALSE
27.649770,20.713740,FALSE
10.138249,16.543180,FALSE
15.898618,13.800952,FALSE
22.119816,18.595269,FALSE
 4.838710,12.829240,FALSE
 4.838710,10.094493,FALSE
10.138249,13.711390,FALSE
15.898618,23.097688,FALSE
22.119816,16.006137,FALSE
 4.838710,13.797366,FALSE
10.138249,13.600346,FALSE
15.898618,22.426459,FALSE
22.119816,22.150123,FALSE
27.649770,21.272135,FALSE
 4.838710, 9.318449,FALSE
10.138249,16.555707,FALSE
15.898618,24.877442,FALSE
 4.838710,10.046551,FALSE
10.138249,16.463917,FALSE
15.898618,12.262611,FALSE
22.119816,14.861644,FALSE
 4.838710, 9.241567,FALSE
15.898618,16.084094,FALSE
27.880184,13.823134,FALSE
10.138249,14.271037,FALSE
10.138249,13.443180,FALSE
15.898618,16.233449,FALSE
22.119816,19.670553,FALSE
27.880184,21.377934,FALSE
10.138249,17.584585,FALSE
15.898618,23.134401,FALSE
10.138249,12.219270,FALSE
 4.838710,11.561183,FALSE
10.138249,12.994355,FALSE
15.898618,22.976198,FALSE
22.119816,18.590253,FALSE
27.880184,17.322051,FALSE
 4.838710,11.114071,FALSE
15.898618,15.061813,FALSE
22.119816,19.971152,FALSE
27.880184,20.347688,FALSE
 4.838710,10.927872,FALSE
10.138249,17.317381,FALSE
 4.838710,11.066359,FALSE
 4.838710,10.623817,FALSE
15.898618,20.595023,FALSE
 4.838710, 9.401144,FALSE
15.898618,20.707227,FALSE
 4.838710,11.373518,FALSE
15.898618,18.004501,FALSE
22.119816,21.149524,FALSE
27.880184,22.153487,FALSE
 4.838710, 9.254700,FALSE
15.898618,24.278187,FALSE
 4.838710,12.083641,FALSE
15.898618,16.645238,FALSE
22.119816,18.370154,FALSE
27.880184,24.154048,FALSE
15.898618,14.895922,FALSE
22.119816,21.137389,FALSE
27.880184,18.465584,FALSE
15.898618,23.245115,FALSE
22.119816,19.087611,FALSE
 4.838710,19.766390,FALSE
15.898618,21.458433,FALSE
22.119816,22.921252,FALSE
 4.838710,18.980806,FALSE
15.898618,16.212320,FALSE
22.119816,20.173341,FALSE
27.880184,16.907742,FALSE
15.898618,14.206690,FALSE
22.119816,15.696997,FALSE
27.880184,17.430929,FALSE
 4.838710,10.158656,FALSE
10.138249,12.293049,FALSE
15.898618,26.600983,FALSE
22.119816,23.806137,FALSE
27.880184,21.939854,FALSE
10.138249,15.484777,FALSE
15.898618,21.758594,FALSE
27.880184,18.859086,FALSE
10.138249,13.479524,FALSE
15.898618,20.808925,FALSE
 4.838710,15.136014,FALSE
15.898618,24.345684,FALSE
 4.838710,11.103257,FALSE
10.138249,18.373978,FALSE
15.898618,20.169639,FALSE
27.880184,22.352458,FALSE
10.138249,19.999985,FALSE
15.898618,21.741444,FALSE
27.880184,20.453241,FALSE
15.898618,21.093164,FALSE
27.880184,21.193733,FALSE
 4.838710,11.556229,FALSE
15.898618,18.693871,FALSE
 4.838710,10.447174,FALSE
15.898618,21.689247,FALSE
22.350230,25.309939,FALSE
 4.838710, 8.273971,FALSE
22.350230,20.228848,FALSE
 4.838710,13.716244,FALSE
10.138249,12.116644,FALSE
22.350230,17.928817,FALSE
 4.838710,12.259332,FALSE
10.138249,15.726997,FALSE
22.350230,24.284332,FALSE
27.880184,22.099854,FALSE
 4.838710, 9.501267,FALSE
 4.838710,13.022074,FALSE
15.898618,22.982250,FALSE
22.350230,16.192281,FALSE
27.880184,21.615707,FALSE
 4.838710,16.108717,FALSE
15.898618,15.165284,FALSE
22.350230,13.291897,FALSE
27.880184,19.796644,FALSE
 4.838710,11.074447,FALSE
 4.838710, 9.124094,FALSE
15.898618,16.181075,FALSE
 4.838710,12.740676,FALSE
15.898618,16.352296,FALSE
22.350230,13.237719,FALSE
27.880184,23.387788,FALSE
10.138249,18.377888,FALSE
15.898618,22.793065,FALSE
22.350230,17.457942,FALSE
 4.838710,12.088556,FALSE
 4.838710,14.611836,FALSE
27.880184,24.067750,FALSE
 4.838710,11.803502,FALSE
 4.838710,11.358710,FALSE
15.898618,17.796828,FALSE
22.350230,21.284593,FALSE
 4.838710,10.121060,FALSE
10.138249,16.220545,FALSE
15.898618,13.439739,FALSE
 4.838710,14.164140,FALSE
10.138249,19.458771,FALSE
15.898618,22.888333,FALSE
22.119816,22.480561,FALSE
28.110599,22.511198,FALSE
 4.838710,11.371382,FALSE
10.138249,13.255507,FALSE
15.898618,19.691559,FALSE
 4.838710,13.429286,FALSE
10.138249,16.275637,FALSE
15.898618,15.210453,FALSE
22.119816,14.881567,FALSE
15.898618,26.293894,FALSE
10.138249,14.992965,FALSE
22.119816,22.682619,FALSE
 4.838710,11.904132,FALSE
10.138249,14.619631,FALSE
15.898618,17.951275,FALSE
22.119816,16.825484,FALSE
28.110599,23.518257,FALSE
15.898618,18.482281,FALSE
22.119816,17.163134,FALSE
28.110599,23.465177,FALSE
15.898618,22.178871,FALSE
15.898618,23.058041,FALSE
15.898618,18.294071,FALSE
15.898618,18.149378,FALSE
22.119816,25.356098,FALSE
15.898618,20.131820,FALSE
22.119816,18.387404,FALSE
15.898618,16.644608,FALSE
22.119816,17.523879,FALSE
 9.907834,11.752727,FALSE
15.898618,22.666851,FALSE
22.350230,17.193894,FALSE
27.880184,15.824601,FALSE
10.138249,16.493326,FALSE
15.898618,22.278372,FALSE
22.350230,13.244478,FALSE
27.880184,26.314624,FALSE
10.138249,13.001866,FALSE
15.898618,13.650476,FALSE
22.350230,22.754939,FALSE
27.880184,25.610031,FALSE
10.138249,14.189424,FALSE
15.898618,23.741290,FALSE
10.138249,14.668387,FALSE
15.898618,22.307581,FALSE
22.350230,21.873464,FALSE
10.138249,13.142104,FALSE
15.898618,18.970253,FALSE
22.350230,25.631935,FALSE
10.138249, 9.617573,FALSE
15.898618,22.123625,FALSE
22.350230,13.488272,FALSE
27.880184,27.129186,FALSE
10.138249,11.459639,FALSE
15.898618,20.758280,FALSE
22.350230,23.141045,FALSE
10.138249,23.608287,FALSE
15.898618,10.536621,FALSE
22.350230,14.893464,FALSE
27.880184,13.237220,FALSE
10.138249,23.794124,FALSE
15.898618,12.746144,FALSE
22.350230,14.389608,FALSE
27.880184,22.114670,FALSE
10.138249,23.016121,FALSE
22.350230,20.655561,FALSE
27.880184,26.077281,FALSE
10.138249,23.086482,FALSE
15.898618,13.786045,FALSE
22.350230,20.871866,FALSE
27.880184,19.464570,FALSE
15.898618,17.276137,FALSE
22.350230,15.780960,FALSE
15.898618,11.702750,FALSE
22.350230,14.882711,FALSE
15.898618,12.535108,FALSE
22.350230,22.817243,FALSE
27.880184,12.339424,FALSE
 9.907834,13.851206,FALSE
15.898618,17.027711,FALSE
27.880184,12.529347,FALSE
 9.907834,10.709631,FALSE
15.898618,21.425054,FALSE
22.350230,20.170760,FALSE
27.880184,23.079017,FALSE
 9.907834,12.716813,FALSE
15.898618,19.895776,FALSE
22.350230,20.128833,FALSE
27.880184,23.028034,FALSE
 9.907834,13.944347,FALSE
15.898618,22.183495,FALSE
 9.907834,14.078810,FALSE
15.898618,20.659401,FALSE
 9.907834, 9.302535,FALSE
15.898618,18.762650,FALSE
22.350230,18.340891,FALSE
27.880184,20.429562,FALSE
 9.907834,12.051106,FALSE
15.898618,18.391728,FALSE
22.350230,19.598886,FALSE
27.880184,25.844071,FALSE
 9.907834,15.170253,FALSE
15.898618,22.470422,FALSE
22.350230,20.122358,FALSE
27.880184,24.709531,FALSE
 9.907834,13.335092,FALSE
15.898618,20.756091,FALSE
27.880184,24.342719,FALSE
22.350230,22.047965,FALSE
27.880184,13.708779,FALSE
 9.907834,12.518318,FALSE
15.898618,16.479593,FALSE
22.350230,19.140968,FALSE
27.880184,20.527634,FALSE
 9.907834,12.515207,FALSE
15.898618,19.046613,FALSE
27.880184,13.770108,FALSE
 9.907834,12.671559,FALSE
22.350230,19.883310,FALSE
27.880184,13.975131,FALSE
15.898618,21.773786,FALSE
27.880184,24.849017,FALSE
10.138249,16.302765,FALSE
15.898618,24.701774,FALSE
10.138249,11.337043,FALSE
15.898618,23.674900,FALSE
22.119816,19.848402,FALSE
 5.299539, 8.981260,FALSE
22.119816,24.036098,FALSE
27.880184,22.459055,FALSE
10.138249,13.125123,FALSE
15.898618,22.564570,FALSE
15.898618,22.014862,FALSE
10.138249,13.348771,FALSE
22.119816,23.427803,FALSE
 5.299539,10.190177,FALSE
10.138249,14.866406,FALSE
15.898618,22.710791,FALSE
22.119816,18.641882,FALSE
 5.299539,11.358648,FALSE
10.138249,14.018694,FALSE
15.898618,17.857711,FALSE
10.138249,12.443994,FALSE
15.898618,21.540730,FALSE
22.119816,22.998717,FALSE
 5.299539,13.430883,FALSE
10.138249,17.843971,FALSE
15.898618,21.433687,FALSE
22.119816,22.615538,FALSE
 5.299539,11.570545,FALSE
10.138249,12.987412,FALSE
15.898618,22.389969,FALSE
22.119816,24.035131,FALSE
27.880184,20.517696,FALSE
 5.299539,10.375553,FALSE
10.138249,14.356790,FALSE
10.138249,15.396951,FALSE
15.898618,21.530607,FALSE
22.119816,22.034470,FALSE
27.880184,19.373533,FALSE
 4.608295,11.801728,FALSE
 4.608295,11.139409,FALSE
27.880184,22.371298,FALSE
15.898618,19.830407,FALSE
22.119816,18.426114,FALSE
27.880184,24.243272,FALSE
 4.608295, 7.834040,FALSE
27.880184,19.678687,FALSE
15.898618,22.503487,FALSE
15.898618,22.620760,FALSE
 4.608295, 9.455154,FALSE
22.119816,13.584731,FALSE
27.880184,23.168902,FALSE
15.898618,21.020169,FALSE
22.119816,20.303072,FALSE
 4.608295,11.901690,FALSE
 4.608295,12.073571,FALSE
27.880184,22.834516,FALSE
 4.608295,14.325684,FALSE
15.898618,19.467212,FALSE
15.898618,21.475038,FALSE
27.880184,23.085061,FALSE
 4.608295, 8.761221,FALSE
15.898618,20.943940,FALSE
27.880184,22.480883,FALSE
15.898618,21.043679,FALSE
22.119816,21.772481,FALSE
27.880184,14.999747,FALSE
15.898618,18.254854,FALSE
 4.838710,13.371621,FALSE
15.668203,23.290499,FALSE
21.889401,18.257465,FALSE
27.649770,14.714301,FALSE
15.668203,18.705031,FALSE
27.649770,21.970123,FALSE
15.668203,22.063287,FALSE
21.889401,20.370730,FALSE
27.649770,24.102512,FALSE
 4.838710,13.198702,FALSE
15.668203,17.764355,FALSE
21.889401,19.439032,FALSE
27.649770,18.929716,FALSE
 4.838710,11.027880,FALSE
15.668203,19.128233,FALSE
21.889401,20.946536,FALSE
27.649770,21.443641,FALSE
 4.838710, 8.111905,FALSE
15.668203,18.831152,FALSE
21.889401,21.418072,FALSE
27.649770,25.153049,FALSE
 4.838710, 9.537657,FALSE
21.889401,18.632965,FALSE
 4.838710, 9.628264,FALSE
21.889401,19.798848,FALSE
27.649770,17.290169,FALSE
 4.838710,12.443971,FALSE
15.668203,22.436974,FALSE
21.889401,22.278249,FALSE
27.649770,17.045184,FALSE
 4.838710, 9.594793,FALSE
15.668203,19.404055,FALSE
21.889401,19.601575,FALSE
 4.838710,10.933871,FALSE
15.668203,18.971183,FALSE
21.889401,21.294339,FALSE
 4.838710,15.959409,FALSE
15.668203,17.293103,FALSE
21.889401,23.157189,FALSE
 4.838710,11.815115,FALSE
 4.838710,10.094946,FALSE
21.889401,23.113257,FALSE
 4.838710,10.005138,FALSE
 4.838710,11.099916,FALSE
 5.069124,11.410630,FALSE
15.898618,23.632296,FALSE
22.119816,24.999762,FALSE
27.880184,18.867243,FALSE
 5.069124,12.799877,FALSE
 5.069124,11.820253,FALSE
15.898618,21.516429,FALSE
22.119816,20.727972,FALSE
 5.069124,10.352865,FALSE
15.898618,21.085637,FALSE
22.119816,21.186275,FALSE
10.138249,19.969370,FALSE
22.119816,23.439178,FALSE
27.880184,22.587442,FALSE
 5.069124, 8.511068,FALSE
15.898618,20.653410,FALSE
22.119816,22.574654,FALSE
 5.069124,10.192389,FALSE
15.898618,19.907757,FALSE
22.119816,24.030991,FALSE
 5.069124,11.788072,FALSE
15.898618,16.096421,FALSE
22.119816,20.328149,FALSE
 5.069124, 8.036167,FALSE
15.898618,20.352673,FALSE
22.119816,20.009209,FALSE
27.880184,17.025699,FALSE
 5.069124,11.094478,FALSE
22.119816,22.572519,FALSE
 5.069124, 9.288833,FALSE
15.898618,19.312335,FALSE
27.880184,20.120215,FALSE
 5.069124,11.350138,FALSE
15.898618,20.140461,FALSE
22.119816,21.848318,FALSE
27.880184,14.866575,FALSE
 5.069124, 9.163810,FALSE
15.898618,18.357896,FALSE
27.880184,24.955714,FALSE
 5.069124, 9.758326,FALSE
15.898618,21.312366,FALSE
22.119816,23.137120,FALSE
27.880184,20.280929,FALSE
 4.608295,11.271075,FALSE
10.138249,16.609355,FALSE
22.119816,23.512903,FALSE
 4.608295,10.982550,FALSE
10.138249,17.250023,FALSE
 4.608295,11.624723,FALSE
10.138249,18.980561,FALSE
15.898618,20.583111,FALSE
 4.608295,10.234255,FALSE
10.138249,16.992558,FALSE
15.898618,22.237711,FALSE
22.119816,18.758541,FALSE
 4.608295,12.016429,FALSE
10.138249,22.882389,FALSE
22.119816,21.519032,FALSE
10.138249,19.743717,FALSE
22.119816,22.630215,FALSE
10.138249,19.214209,FALSE
10.138249,21.428395,FALSE
22.119816,21.896651,FALSE
 4.838710,10.823011,FALSE
10.138249,20.493080,FALSE
 4.608295,10.796997,FALSE
10.138249,17.816467,FALSE
27.880184,17.475530,FALSE
 4.608295,10.900438,FALSE
15.898618,23.512611,FALSE
27.880184,24.229263,FALSE
 4.608295,10.971920,FALSE
 4.608295, 9.130476,FALSE
 4.608295,11.453633,FALSE
15.898618,15.924324,FALSE
22.119816,21.016052,FALSE
 4.838710, 9.278587,FALSE
 4.838710,12.726406,FALSE
10.138249,12.752412,FALSE
15.898618,22.501306,FALSE
27.649770,22.903310,FALSE
 4.838710,11.506152,FALSE
10.138249,13.432481,FALSE
22.119816,19.923272,FALSE
27.649770,23.035484,FALSE
 4.838710,10.337872,FALSE
10.138249,15.712634,FALSE
15.898618,22.204839,FALSE
27.649770,21.859063,FALSE
 4.838710,10.812343,FALSE
10.138249,13.319570,FALSE
27.649770,23.916098,FALSE
10.138249,12.673318,FALSE
22.119816,21.908495,FALSE
27.649770,22.063518,FALSE
 4.838710,11.819685,FALSE
10.138249,14.494370,FALSE
22.119816,22.954178,FALSE
27.649770,21.074194,FALSE
 4.838710,10.248418,FALSE
10.138249,17.154101,FALSE
 4.838710,10.017051,FALSE
10.138249,17.175906,FALSE
22.119816,28.260438,FALSE
27.649770,24.510645,FALSE
 4.838710, 9.234723,FALSE
10.138249,20.439462,FALSE
15.898618,22.548802,FALSE
27.649770,22.414078,FALSE
 4.838710,10.329708,FALSE
10.138249,16.571989,FALSE
15.898618,23.491628,FALSE
22.119816,27.088571,FALSE
27.649770,24.544562,FALSE
10.138249,17.979931,FALSE
15.898618,23.808065,FALSE
22.119816,27.702650,FALSE
27.649770,24.958948,FALSE
 4.838710,12.689992,FALSE
10.138249,19.889324,FALSE
22.119816,27.418779,FALSE
 4.838710,13.257604,FALSE
10.138249,17.410292,FALSE
15.898618,22.888894,FALSE
10.138249,24.375937,FALSE
15.898618,21.820983,FALSE
 4.838710,13.635323,FALSE
10.138249,17.046997,FALSE
15.898618,21.785591,FALSE
22.119816,14.132035,FALSE
27.880184,25.320292,FALSE
10.138249,22.420814,FALSE
15.898618,21.203318,FALSE
22.119816,12.971421,FALSE
 4.838710, 9.238802,FALSE
10.138249,22.544478,FALSE
15.898618,23.551459,FALSE
22.119816,16.974647,FALSE
 4.838710,11.848978,FALSE
15.898618,16.669232,FALSE
22.119816,21.208410,FALSE
 4.838710,11.040015,FALSE
10.138249,18.252834,FALSE
15.898618,22.175860,FALSE
 4.838710,12.450269,FALSE
 4.838710, 9.772811,FALSE
10.138249,15.654700,FALSE
15.898618,23.154531,FALSE
 4.838710,20.551797,FALSE
10.138249,22.240768,FALSE
15.898618,25.316728,FALSE
 4.838710,12.258303,FALSE
10.138249,23.629885,FALSE
15.898618,25.128710,FALSE
 4.838710,19.046344,FALSE
10.138249,20.576659,FALSE
15.898618,19.450253,FALSE
10.138249,19.557727,FALSE
15.898618,24.954401,FALSE
 4.838710,21.607128,FALSE
10.138249,21.921928,FALSE
15.898618,25.076382,FALSE
 4.838710,16.112734,FALSE
10.138249,22.316029,FALSE
15.898618,21.545307,FALSE
 4.838710,13.522627,FALSE
10.138249,22.959171,FALSE
27.880184,24.651736,FALSE
 4.838710,21.000146,FALSE
15.898618,15.821198,FALSE
27.880184,21.824163,FALSE
 4.838710,10.064232,FALSE
15.898618,21.637250,FALSE
22.119816,25.195138,FALSE
15.898618,24.808740,FALSE
22.119816,25.760069,FALSE
10.138249,20.673556,FALSE
15.898618,23.379747,FALSE
22.119816,22.312565,FALSE
 4.838710,15.123802,FALSE
15.898618,20.629885,FALSE
22.119816,23.057980,FALSE
15.898618,20.792611,FALSE
22.119816,22.963641,FALSE
27.880184,23.544946,FALSE
15.898618,21.270584,FALSE
22.119816,23.341091,FALSE
 4.838710,15.830876,FALSE
10.138249,26.203779,FALSE
15.898618,24.637742,FALSE
22.119816,28.245745,FALSE
27.880184,26.380776,FALSE
15.898618,24.067304,FALSE
22.119816,26.975038,FALSE
27.880184,23.629823,FALSE
 4.838710, 9.619017,FALSE
15.898618,25.295092,FALSE
22.119816,26.801874,FALSE
27.880184,25.928111,FALSE
10.138249,21.886482,FALSE
15.898618,23.541290,FALSE
22.119816,23.915207,FALSE
27.880184,22.988763,FALSE
 4.838710, 8.871966,FALSE
10.138249,22.266935,FALSE
10.138249,24.199124,FALSE
15.898618,18.970814,FALSE
22.119816,23.785092,FALSE
27.880184,23.372657,FALSE
10.138249,20.877750,FALSE
15.898618,22.511667,FALSE
22.119816,27.777197,FALSE
27.880184,26.922519,FALSE
 4.838710,10.851544,FALSE
10.138249,21.679194,FALSE
27.880184,22.989531,FALSE
 4.838710,12.430376,FALSE
10.138249,25.084002,FALSE
15.898618,24.029831,FALSE
22.119816,24.630269,FALSE
 4.838710,10.922366,FALSE
10.138249,19.598518,FALSE
15.898618,19.561244,FALSE
22.119816,17.195730,FALSE
27.880184,17.182166,FALSE
 4.838710,17.195722,FALSE
 4.838710,15.734931,FALSE
10.138249,21.644508,FALSE
15.898618,20.558518,FALSE
 4.838710,11.529124,FALSE
15.898618,24.059547,FALSE
 4.838710,10.700276,FALSE
10.138249,17.440530,FALSE
15.898618,22.990330,FALSE
22.350230,22.635806,FALSE
 4.838710,12.568018,FALSE
 4.838710,12.194155,FALSE
27.880184,26.123280,FALSE
 4.838710,13.692158,FALSE
15.898618,25.170645,FALSE
22.350230,24.204048,FALSE
27.880184,24.490914,FALSE
 4.838710,13.315914,FALSE
15.898618,25.688840,FALSE
22.350230,22.449293,FALSE
 4.838710,11.646590,FALSE
10.138249,21.824278,FALSE
15.898618,23.192089,FALSE
22.350230,20.816859,FALSE
 4.838710,13.347611,FALSE
15.898618,25.329063,FALSE
 4.838710,11.586260,FALSE
15.898618,21.985346,FALSE
22.350230,21.780015,FALSE
27.880184,23.656866,FALSE
 4.838710,11.821083,FALSE
15.898618,20.805545,FALSE
 4.838710,12.623487,FALSE
15.898618,21.584723,FALSE
22.350230,19.028195,FALSE
27.880184,19.918118,FALSE
 4.838710, 8.982273,FALSE
15.898618,25.111943,FALSE
27.880184,27.367634,FALSE
 4.838710,13.597796,FALSE
15.898618,24.998310,FALSE
27.880184,23.953733,FALSE
 4.838710,15.222243,FALSE
10.138249,21.753141,FALSE
 4.838710,22.561820,FALSE
15.898618,23.902826,FALSE
 4.838710,16.828287,FALSE
15.898618,23.997412,FALSE
22.119816,26.031421,FALSE
28.110599,23.909977,FALSE
 4.838710, 9.945330,FALSE
10.138249,21.945000,FALSE
15.898618,22.393571,FALSE
22.119816,23.666052,FALSE
28.110599,16.845952,FALSE
 4.838710,18.255338,FALSE
28.110599,20.639324,FALSE
 4.838710,15.259386,FALSE
10.138249,18.169217,FALSE
28.110599,21.853065,FALSE
 4.838710,11.346137,FALSE
10.138249,24.895108,FALSE
15.898618,23.302558,FALSE
28.110599,26.167043,FALSE
 4.838710,11.571651,FALSE
15.898618,21.896820,FALSE
 4.838710,11.783925,FALSE
10.138249,26.672127,FALSE
15.898618,23.161252,FALSE
15.898618,24.813026,FALSE
22.119816,25.687212,FALSE
28.110599,26.552819,FALSE
 4.838710,12.267711,FALSE
 4.838710,10.953280,FALSE
10.138249,24.178510,FALSE
15.898618,22.374708,FALSE
 4.838710,14.253671,FALSE
10.138249,24.542627,FALSE
15.898618,23.259416,FALSE
22.119816,23.778902,FALSE
28.110599,26.851045,FALSE
