stool.ID,Diet,pred.age.months,age.approx.months
DO_1D_3001_044w,1D, 51.477,10
DO_1D_3001_069w,1D, 52.700,16
DO_1D_3001_097w,1D, 77.213,22
DO_1D_3002_044w,1D, 39.290,10
DO_1D_3002_069w,1D, 57.851,16
DO_1D_3002_097w,1D, 70.888,22
DO_1D_3003_044w,1D, 51.866,10
DO_1D_3003_069w,1D, 27.865,16
DO_1D_3003_097w,1D, 80.831,22
DO_1D_3003_121w,1D, 77.614,28
DO_1D_3004_044w,1D, 58.718,10
DO_1D_3004_069w,1D, 68.872,16
DO_1D_3007_044w,1D, 51.662,10
DO_1D_3007_069w,1D, 44.357,16
DO_1D_3008_044w,1D, 70.461,10
DO_1D_3008_069w,1D, 61.693,16
DO_1D_3009_044w,1D, 62.054,10
DO_1D_3010_044w,1D, 29.073,10
DO_1D_3010_069w,1D, 52.376,16
DO_1D_3010_097w,1D, 66.233,22
DO_1D_3010_121w,1D, 58.231,28
DO_1D_3011_044w,1D, 43.582,10
DO_1D_3011_069w,1D, 70.196,16
DO_1D_3011_121w,1D, 79.408,28
DO_1D_3012_044w,1D, 42.766,10
DO_1D_3012_069w,1D, 69.437,16
DO_1D_3013_044w,1D, 37.565,10
DO_1D_3013_069w,1D, 58.179,16
DO_1D_3013_097w,1D, 74.676,22
DO_1D_3014_044w,1D, 56.761,10
DO_1D_3014_069w,1D, 65.839,16
DO_1D_3014_097w,1D, 70.507,22
DO_1D_3014_121w,1D, 70.233,28
DO_1D_3016_044w,1D, 37.578,10
DO_1D_3016_069w,1D, 63.110,16
DO_1D_3017_043w,1D, 23.487,10
DO_1D_3017_069w,1D, 46.787,16
DO_1D_3017_097w,1D, 56.563,22
DO_1D_3018_069w,1D, 52.284,16
DO_1D_3018_097w,1D, 29.551,22
DO_1D_3019_069w,1D, 54.471,16
DO_1D_3019_097w,1D, 50.440,22
DO_1D_3019_121w,1D, 57.863,28
DO_1D_3020_043w,1D, 30.006,10
DO_1D_3020_069w,1D, 52.146,16
DO_1D_3022_069w,1D, 49.082,16
DO_1D_3022_097w,1D, 48.960,22
DO_1D_3022_121w,1D, 63.873,28
DO_1D_3024_043w,1D, 23.236,10
DO_1D_3024_121w,1D, 72.821,28
DO_1D_3026_043w,1D, 41.348,10
DO_1D_3026_069w,1D, 62.482,16
DO_1D_3026_097w,1D, 60.470,22
DO_1D_3026_121w,1D, 62.261,28
DO_1D_3027_043w,1D, 34.023,10
DO_1D_3027_069w,1D, 50.145,16
DO_1D_3027_097w,1D, 64.087,22
DO_1D_3027_121w,1D, 58.204,28
DO_1D_3028_043w,1D, 23.651,10
DO_1D_3028_069w,1D, 49.910,16
DO_1D_3028_097w,1D, 69.542,22
DO_1D_3029_043w,1D, 34.326,10
DO_1D_3029_069w,1D, 46.961,16
DO_1D_3029_097w,1D, 52.596,22
DO_1D_3030_043w,1D, 23.937,10
DO_1D_3030_069w,1D, 51.181,16
DO_1D_3030_097w,1D, 33.888,22
DO_1D_3031_069w,1D, 60.950,16
DO_1D_3031_121w,1D, 58.090,28
DO_1D_3032_043w,1D, 33.632,10
DO_1D_3032_069w,1D, 52.595,16
DO_1D_3032_097w,1D, 66.487,22
DO_1D_3033_023w,1D, 26.608, 5
DO_1D_3034_023w,1D, 29.016, 5
DO_1D_3034_044w,1D, 25.655,10
DO_1D_3034_069w,1D, 52.734,16
DO_1D_3034_096w,1D, 84.377,22
DO_1D_3035_023w,1D, 25.235, 5
DO_1D_3035_044w,1D, 31.653,10
DO_1D_3035_069w,1D, 55.635,16
DO_1D_3035_096w,1D, 53.132,22
DO_1D_3037_023w,1D, 22.448, 5
DO_1D_3037_044w,1D, 31.360,10
DO_1D_3037_069w,1D, 62.938,16
DO_1D_3037_096w,1D, 63.034,22
DO_1D_3037_121w,1D, 61.623,28
DO_1D_3038_023w,1D, 22.619, 5
DO_1D_3038_044w,1D, 33.084,10
DO_1D_3038_069w,1D, 70.223,16
DO_1D_3038_096w,1D, 65.084,22
DO_1D_3038_121w,1D, 76.553,28
DO_1D_3039_044w,1D, 36.719,10
DO_1D_3039_069w,1D, 55.211,16
DO_1D_3039_096w,1D, 91.293,22
DO_1D_3039_121w,1D, 55.518,28
DO_1D_3040_023w,1D, 24.294, 5
DO_1D_3040_044w,1D, 24.623,10
DO_1D_3040_069w,1D, 46.010,16
DO_1D_3040_096w,1D, 48.299,22
DO_1D_3040_121w,1D, 59.995,28
DO_1D_3041_023w,1D, 26.197, 5
DO_1D_3041_044w,1D, 29.232,10
DO_1D_3041_069w,1D, 57.607,16
DO_1D_3042_023w,1D, 23.022, 5
DO_1D_3042_044w,1D, 40.962,10
DO_1D_3042_069w,1D, 54.104,16
DO_1D_3043_023w,1D, 28.502, 5
DO_1D_3043_044w,1D, 34.748,10
DO_1D_3043_069w,1D, 62.904,16
DO_1D_3043_096w,1D, 67.079,22
DO_1D_3043_121w,1D, 59.591,28
DO_1D_3044_023w,1D, 22.044, 5
DO_1D_3044_044w,1D, 33.544,10
DO_1D_3044_069w,1D, 48.542,16
DO_1D_3044_096w,1D, 33.563,22
DO_1D_3044_121w,1D, 33.540,28
DO_1D_3045_023w,1D, 35.100, 5
DO_1D_3045_069w,1D, 62.382,16
DO_1D_3045_096w,1D, 75.614,22
DO_1D_3045_121w,1D, 68.184,28
DO_1D_3046_023w,1D, 30.290, 5
DO_1D_3046_044w,1D, 32.541,10
DO_1D_3047_023w,1D, 27.729, 5
DO_1D_3047_096w,1D, 80.921,22
DO_1D_3047_121w,1D, 46.023,28
DO_1D_3048_023w,1D, 28.584, 5
DO_1D_3048_044w,1D, 27.574,10
DO_1D_3048_069w,1D, 51.506,16
DO_1D_3048_096w,1D, 61.199,22
DO_1D_3049_020w,1D, 21.087, 5
DO_1D_3049_069w,1D, 52.526,16
DO_1D_3049_096w,1D, 62.193,22
DO_1D_3050_020w,1D, 21.892, 5
DO_1D_3050_044w,1D, 37.265,10
DO_1D_3050_096w,1D, 98.242,22
DO_1D_3051_020w,1D, 26.385, 5
DO_1D_3052_069w,1D, 63.307,16
DO_1D_3052_121w,1D, 87.737,28
DO_1D_3053_020w,1D, 21.914, 5
DO_1D_3053_069w,1D, 62.128,16
DO_1D_3053_096w,1D, 65.153,22
DO_1D_3054_096w,1D, 57.460,22
DO_1D_3055_020w,1D, 23.879, 5
DO_1D_3056_096w,1D, 53.617,22
DO_1D_3056_121w,1D, 80.194,28
DO_1D_3057_020w,1D, 27.693, 5
DO_1D_3057_096w,1D, 53.654,22
DO_1D_3057_121w,1D, 60.763,28
DO_1D_3058_020w,1D, 29.100, 5
DO_1D_3058_096w,1D, 77.535,22
DO_1D_3058_121w,1D, 92.476,28
DO_1D_3059_020w,1D, 21.590, 5
DO_1D_3059_096w,1D, 41.298,22
DO_1D_3060_020w,1D, 24.218, 5
DO_1D_3060_096w,1D, 64.543,22
DO_1D_3060_121w,1D, 97.484,28
DO_1D_3061_096w,1D, 52.345,22
DO_1D_3061_121w,1D, 70.493,28
DO_1D_3062_020w,1D, 23.283, 5
DO_1D_3062_096w,1D, 53.585,22
DO_1D_3063_069w,1D, 61.177,16
DO_1D_3063_096w,1D, 50.499,22
DO_1D_3063_121w,1D, 90.872,28
DO_1D_3065_021w,1D, 22.035, 5
DO_1D_3065_068w,1D, 51.652,16
DO_1D_3065_095w,1D, 65.650,22
DO_1D_3066_021w,1D, 29.278, 5
DO_1D_3066_068w,1D, 33.976,16
DO_1D_3066_095w,1D, 46.303,22
DO_1D_3066_120w,1D, 58.561,28
DO_1D_3067_021w,1D, 22.885, 5
DO_1D_3068_068w,1D, 50.169,16
DO_1D_3068_095w,1D, 57.573,22
DO_1D_3069_068w,1D, 55.417,16
DO_1D_3069_095w,1D, 47.872,22
DO_1D_3070_068w,1D, 65.752,16
DO_1D_3071_021w,1D, 21.806, 5
DO_1D_3071_068w,1D, 68.963,16
DO_1D_3071_095w,1D, 61.232,22
DO_1D_3072_021w,1D, 24.750, 5
DO_1D_3072_095w,1D, 49.836,22
DO_1D_3072_120w,1D, 93.921,28
DO_1D_3073_021w,1D, 24.063, 5
DO_1D_3073_068w,1D, 53.817,16
DO_1D_3073_095w,1D, 61.573,22
DO_1D_3074_021w,1D, 25.120, 5
DO_1D_3075_021w,1D, 23.751, 5
DO_1D_3075_068w,1D, 45.884,16
DO_1D_3075_095w,1D, 57.181,22
DO_1D_3076_021w,1D, 23.038, 5
DO_1D_3076_044w,1D, 58.915,10
DO_1D_3076_068w,1D, 56.641,16
DO_1D_3076_095w,1D, 73.821,22
DO_1D_3076_120w,1D, 91.093,28
DO_1D_3077_021w,1D, 25.363, 5
DO_1D_3077_068w,1D, 75.474,16
DO_1D_3078_021w,1D, 23.184, 5
DO_1D_3079_021w,1D, 23.277, 5
DO_1D_3080_021w,1D, 24.546, 5
DO_1D_3080_044w,1D, 24.636,10
DO_1D_3080_068w,1D, 48.128,16
DO_1D_3080_095w,1D, 60.332,22
DO_1D_3081_022w,1D, 29.095, 5
DO_1D_3082_022w,1D, 31.942, 5
DO_1D_3082_069w,1D, 65.560,16
DO_1D_3084_022w,1D, 31.464, 5
DO_1D_3084_069w,1D, 80.177,16
DO_1D_3084_096w,1D, 54.918,22
DO_1D_3084_121w,1D, 92.260,28
DO_1D_3085_069w,1D, 87.011,16
DO_1D_3087_022w,1D, 35.711, 5
DO_1D_3087_069w,1D, 70.047,16
DO_1D_3088_022w,1D, 22.498, 5
DO_1D_3089_022w,1D, 22.785, 5
DO_1D_3089_069w,1D, 71.513,16
DO_1D_3089_096w,1D, 55.636,22
DO_1D_3090_022w,1D, 28.761, 5
DO_1D_3090_044w,1D, 58.926,10
DO_1D_3090_069w,1D, 57.443,16
DO_1D_3090_096w,1D, 55.160,22
DO_1D_3090_121w,1D, 79.418,28
DO_1D_3091_022w,1D, 27.234, 5
DO_1D_3091_044w,1D, 37.211,10
DO_1D_3091_096w,1D, 73.580,22
DO_1D_3091_121w,1D,102.474,28
DO_1D_3092_044w,1D, 62.417,10
DO_1D_3092_069w,1D, 63.018,16
DO_1D_3092_096w,1D, 52.847,22
DO_1D_3092_121w,1D, 78.738,28
DO_1D_3093_069w,1D, 57.843,16
DO_1D_3093_096w,1D, 65.113,22
DO_1D_3093_121w,1D, 69.552,28
DO_1D_3094_044w,1D, 63.418,10
DO_1D_3094_069w,1D, 63.306,16
DO_1D_3094_121w,1D, 96.775,28
DO_1D_3095_022w,1D, 21.449, 5
DO_1D_3095_044w,1D, 47.254,10
DO_1D_3095_069w,1D, 52.437,16
DO_1D_3095_096w,1D, 66.543,22
DO_1D_3095_121w,1D, 98.976,28
DO_1D_3096_044w,1D, 47.818,10
DO_1D_3096_069w,1D, 57.047,16
DO_1D_3097_020w,1D, 29.763, 5
DO_1D_3097_044w,1D, 40.387,10
DO_1D_3097_069w,1D, 58.811,16
DO_1D_3097_096w,1D, 85.961,22
DO_1D_3098_020w,1D, 34.419, 5
DO_1D_3098_044w,1D, 39.258,10
DO_1D_3098_069w,1D, 82.446,16
DO_1D_3098_096w,1D, 83.797,22
DO_1D_3099_020w,1D, 24.443, 5
DO_1D_3099_044w,1D, 35.328,10
DO_1D_3100_020w,1D, 37.326, 5
DO_1D_3100_044w,1D, 44.821,10
DO_1D_3100_069w,1D, 62.805,16
DO_1D_3101_020w,1D, 21.938, 5
DO_1D_3101_044w,1D, 47.610,10
DO_1D_3101_069w,1D, 62.175,16
DO_1D_3101_096w,1D, 62.314,22
DO_1D_3101_121w,1D, 95.723,28
DO_1D_3102_020w,1D, 25.818, 5
DO_1D_3102_096w,1D, 75.906,22
DO_1D_3102_121w,1D, 58.284,28
DO_1D_3103_021w,1D, 26.394, 5
DO_1D_3103_044w,1D, 42.391,10
DO_1D_3103_069w,1D, 70.580,16
DO_1D_3103_096w,1D, 92.966,22
DO_1D_3103_121w,1D, 61.069,28
DO_1D_3104_021w,1D, 25.595, 5
DO_1D_3104_044w,1D, 35.050,10
DO_1D_3104_096w,1D, 84.338,22
DO_1D_3104_121w,1D, 72.286,28
DO_1D_3105_020w,1D, 32.521, 5
DO_1D_3106_044w,1D, 53.567,10
DO_1D_3106_069w,1D, 70.770,16
DO_1D_3107_020w,1D, 30.019, 5
DO_1D_3107_044w,1D, 70.334,10
DO_1D_3107_069w,1D,103.257,16
DO_1D_3107_096w,1D, 84.591,22
DO_1D_3108_020w,1D, 22.767, 5
DO_1D_3109_020w,1D, 31.526, 5
DO_1D_3109_069w,1D, 94.660,16
DO_1D_3110_044w,1D, 61.490,10
DO_1D_3110_069w,1D, 61.581,16
DO_1D_3110_121w,1D, 79.766,28
DO_1D_3111_021w,1D, 34.085, 5
DO_1D_3111_044w,1D, 57.131,10
DO_1D_3111_069w,1D, 75.479,16
DO_1D_3111_096w,1D, 81.048,22
DO_1D_3112_069w,1D, 82.591,16
DO_1D_3112_121w,1D, 98.459,28
DO_1D_3113_021w,1D, 30.116, 5
DO_1D_3113_044w,1D, 82.693,10
DO_1D_3113_069w,1D,103.014,16
DO_1D_3114_021w,1D, 22.583, 5
DO_1D_3114_044w,1D, 62.216,10
DO_1D_3114_069w,1D, 63.953,16
DO_1D_3114_096w,1D, 74.266,22
DO_1D_3114_120w,1D, 77.582,28
DO_1D_3115_069w,1D, 72.593,16
DO_1D_3116_044w,1D,106.362,10
DO_1D_3116_069w,1D, 94.660,16
DO_1D_3116_096w,1D, 82.916,22
DO_1D_3116_120w,1D, 82.939,28
DO_1D_3117_021w,1D, 25.402, 5
DO_1D_3117_069w,1D, 90.096,16
DO_1D_3117_120w,1D, 99.991,28
DO_1D_3118_044w,1D,114.451,10
DO_1D_3118_069w,1D, 95.872,16
DO_1D_3118_096w,1D,117.036,22
DO_1D_3118_120w,1D,108.840,28
DO_1D_3119_044w,1D, 82.085,10
DO_1D_3119_096w,1D,111.483,22
DO_1D_3119_120w,1D,127.397,28
DO_1D_3120_021w,1D, 25.243, 5
DO_1D_3120_044w,1D, 37.122,10
DO_1D_3120_069w,1D, 83.926,16
DO_1D_3120_096w,1D, 76.300,22
DO_1D_3120_120w,1D, 97.161,28
DO_1D_3121_021w,1D, 27.614, 5
DO_1D_3121_069w,1D, 79.130,16
DO_1D_3121_096w,1D, 59.666,22
DO_1D_3122_021w,1D, 28.009, 5
DO_1D_3122_044w,1D, 99.949,10
DO_1D_3122_069w,1D, 88.769,16
DO_1D_3122_096w,1D,120.696,22
DO_1D_3123_044w,1D, 72.601,10
DO_1D_3123_096w,1D, 71.167,22
DO_1D_3123_120w,1D,100.516,28
DO_1D_3124_021w,1D, 33.681, 5
DO_1D_3124_044w,1D, 60.141,10
DO_1D_3124_069w,1D, 55.470,16
DO_1D_3124_096w,1D, 77.097,22
DO_1D_3124_120w,1D, 88.364,28
DO_1D_3125_021w,1D, 28.852, 5
DO_1D_3125_044w,1D, 78.168,10
DO_1D_3126_021w,1D, 23.675, 5
DO_1D_3127_021w,1D, 24.113, 5
DO_1D_3127_044w,1D, 36.573,10
DO_1D_3128_021w,1D, 22.826, 5
DO_1D_3129_044w,1D, 98.208,10
DO_1D_3129_069w,1D, 88.128,16
DO_1D_3129_096w,1D,113.333,22
DO_1D_3130_069w,1D, 94.143,16
DO_1D_3131_021w,1D, 52.458, 5
DO_1D_3131_069w,1D, 71.665,16
DO_1D_3131_121w,1D,103.749,28
DO_1D_3132_021w,1D, 47.465, 5
DO_1D_3132_069w,1D, 64.771,16
DO_1D_3133_069w,1D,114.571,16
DO_1D_3134_021w,1D, 53.083, 5
DO_1D_3134_069w,1D, 93.962,16
DO_1D_3134_121w,1D, 96.039,28
DO_1D_3135_069w,1D, 60.753,16
DO_1D_3135_121w,1D, 80.487,28
DO_1D_3136_021w,1D, 54.162, 5
DO_1D_3136_069w,1D, 71.199,16
DO_1D_3136_121w,1D,104.280,28
DO_1D_3137_021w,1D, 59.661, 5
DO_1D_3137_069w,1D, 60.024,16
DO_1D_3137_121w,1D, 86.558,28
DO_1D_3138_021w,1D, 50.157, 5
DO_1D_3138_069w,1D, 79.495,16
DO_1D_3138_096w,1D, 99.579,22
DO_1D_3139_021w,1D, 34.177, 5
DO_1D_3139_044w,1D, 50.433,10
DO_1D_3139_069w,1D, 53.691,16
DO_1D_3139_096w,1D, 77.436,22
DO_1D_3140_021w,1D, 42.750, 5
DO_1D_3141_021w,1D, 45.397, 5
DO_1D_3141_044w,1D, 72.562,10
DO_1D_3141_096w,1D, 86.689,22
DO_1D_3141_121w,1D, 73.732,28
DO_1D_3142_021w,1D, 23.891, 5
DO_1D_3142_044w,1D, 75.045,10
DO_1D_3142_069w,1D, 54.998,16
DO_1D_3142_096w,1D, 62.493,22
DO_1D_3142_121w,1D, 57.545,28
DO_1D_3143_044w,1D, 60.605,10
DO_1D_3143_096w,1D, 54.935,22
DO_1D_3143_121w,1D, 85.743,28
DO_1D_3144_021w,1D, 53.790, 5
DO_1D_3145_044w,1D, 51.156,10
DO_1D_3145_069w,1D, 84.703,16
DO_1D_3145_096w,1D,104.973,22
DO_1D_3145_121w,1D, 67.854,28
DO_1D_3146_021w,1D, 22.125, 5
DO_1D_3146_044w,1D, 48.934,10
DO_1D_3146_069w,1D, 60.478,16
DO_1D_3146_121w,1D, 62.614,28
DO_1D_3147_021w,1D, 24.462, 5
DO_1D_3148_021w,1D, 32.324, 5
DO_1D_3148_044w,1D, 46.886,10
DO_1D_3148_069w,1D, 49.082,16
DO_1D_3149_021w,1D, 27.573, 5
DO_1D_3149_044w,1D, 55.171,10
DO_1D_3149_069w,1D, 61.323,16
DO_1D_3149_096w,1D, 64.491,22
DO_1D_3151_021w,1D, 29.940, 5
DO_1D_3151_069w,1D, 47.815,16
DO_1D_3152_069w,1D, 54.457,16
DO_1D_3153_044w,1D, 48.865,10
DO_1D_3153_069w,1D, 58.805,16
DO_1D_3153_096w,1D, 78.925,22
DO_1D_3154_021w,1D, 88.179, 5
DO_1D_3154_069w,1D,105.784,16
DO_1D_3154_096w,1D, 97.169,22
DO_1D_3154_121w,1D,122.925,28
DO_1D_3155_021w,1D, 38.638, 5
DO_1D_3155_069w,1D, 59.714,16
DO_1D_3155_096w,1D,105.341,22
DO_1D_3155_121w,1D,118.906,28
DO_1D_3156_021w,1D, 51.410, 5
DO_1D_3156_069w,1D, 83.333,16
DO_1D_3156_096w,1D, 99.495,22
DO_1D_3157_021w,1D, 49.511, 5
DO_1D_3157_069w,1D, 50.099,16
DO_1D_3157_096w,1D, 68.090,22
DO_1D_3158_069w,1D, 55.410,16
DO_1D_3159_021w,1D, 49.646, 5
DO_1D_3159_069w,1D, 60.028,16
DO_1D_3159_096w,1D, 60.366,22
DO_1D_3160_021w,1D, 56.551, 5
DO_1D_3160_044w,1D, 54.703,10
DO_1D_3160_069w,1D, 58.052,16
DO_1D_3161_021w,1D, 22.514, 5
DO_1D_3161_069w,1D, 55.155,16
DO_1D_3161_097w,1D, 63.140,22
DO_1D_3162_021w,1D, 67.796, 5
DO_1D_3162_044w,1D, 49.625,10
DO_1D_3163_021w,1D, 53.467, 5
DO_1D_3163_097w,1D, 98.959,22
DO_1D_3164_021w,1D, 56.937, 5
DO_1D_3164_069w,1D, 87.042,16
DO_1D_3164_097w,1D, 98.433,22
DO_1D_3165_021w,1D, 29.609, 5
DO_1D_3165_044w,1D, 67.585,10
DO_1D_3165_069w,1D, 73.790,16
DO_1D_3166_021w,1D, 45.415, 5
DO_1D_3166_044w,1D, 48.063,10
DO_1D_3166_069w,1D, 80.529,16
DO_1D_3167_021w,1D, 37.849, 5
DO_1D_3167_044w,1D, 43.512,10
DO_1D_3167_069w,1D, 42.508,16
DO_1D_3168_021w,1D, 32.887, 5
DO_1D_3168_069w,1D, 55.996,16
DO_1D_3168_097w,1D, 72.918,22
DO_1D_3168_121w,1D, 77.083,28
DO_1D_3169_069w,1D, 51.558,16
DO_1D_3169_097w,1D, 76.132,22
DO_1D_3170_069w,1D, 63.362,16
DO_1D_3170_097w,1D, 66.941,22
DO_1D_3170_121w,1D, 80.027,28
DO_1D_3171_021w,1D, 21.927, 5
DO_1D_3171_044w,1D, 65.671,10
DO_1D_3171_069w,1D, 54.063,16
DO_1D_3171_097w,1D, 61.850,22
DO_1D_3171_121w,1D,107.519,28
DO_1D_3172_021w,1D, 29.719, 5
DO_1D_3172_069w,1D, 76.934,16
DO_1D_3173_021w,1D, 29.634, 5
DO_1D_3173_069w,1D, 66.529,16
DO_1D_3174_021w,1D, 24.389, 5
DO_1D_3174_121w,1D, 63.298,28
DO_1D_3175_021w,1D, 27.143, 5
DO_1D_3175_097w,1D, 60.333,22
DO_1D_3175_121w,1D, 59.525,28
DO_1D_3177_021w,1D, 21.407, 5
DO_1D_3177_044w,1D, 64.480,10
DO_1D_3177_096w,1D, 89.101,22
DO_1D_3177_122w,1D, 79.374,28
DO_1D_3178_021w,1D, 32.029, 5
DO_1D_3178_069w,1D, 55.811,16
DO_1D_3178_122w,1D, 81.141,28
DO_1D_3179_044w,1D, 49.943,10
DO_1D_3179_069w,1D, 99.921,16
DO_1D_3180_021w,1D, 28.300, 5
DO_1D_3180_044w,1D, 89.532,10
DO_1D_3180_096w,1D, 91.859,22
DO_1D_3180_122w,1D,106.872,28
DO_1D_3181_021w,1D, 22.258, 5
DO_1D_3181_044w,1D, 74.937,10
DO_1D_3181_069w,1D, 81.559,16
DO_1D_3181_096w,1D, 90.774,22
DO_1D_3182_044w,1D, 74.803,10
DO_1D_3182_069w,1D, 70.885,16
DO_1D_3182_122w,1D,103.150,28
DO_1D_3183_021w,1D, 25.940, 5
DO_1D_3183_044w,1D, 73.675,10
DO_1D_3183_069w,1D, 86.330,16
DO_1D_3184_021w,1D, 34.581, 5
DO_1D_3184_044w,1D, 49.584,10
DO_1D_3185_021w,1D, 51.619, 5
DO_1D_3185_044w,1D, 68.335,10
DO_1D_3185_069w,1D, 71.248,16
DO_1D_3185_096w,1D, 57.355,22
DO_1D_3185_122w,1D, 87.947,28
DO_1D_3186_021w,1D, 49.541, 5
DO_1D_3186_044w,1D, 63.063,10
DO_1D_3186_069w,1D, 70.649,16
DO_1D_3187_021w,1D, 39.596, 5
DO_1D_3187_044w,1D, 71.838,10
DO_1D_3188_021w,1D, 57.339, 5
DO_1D_3188_044w,1D,102.019,10
DO_1D_3188_069w,1D, 92.605,16
DO_1D_3188_096w,1D,113.589,22
DO_1D_3188_122w,1D,109.615,28
DO_1D_3189_021w,1D, 25.897, 5
DO_1D_3189_044w,1D, 75.551,10
DO_1D_3189_069w,1D, 91.827,16
DO_1D_3189_096w,1D,111.372,22
DO_1D_3189_122w,1D,117.125,28
DO_1D_3190_021w,1D, 30.011, 5
DO_1D_3190_069w,1D, 89.760,16
DO_1D_3190_096w,1D, 90.360,22
DO_1D_3190_122w,1D,105.326,28
DO_1D_3191_021w,1D, 27.944, 5
DO_1D_3191_044w,1D,104.377,10
DO_1D_3191_069w,1D, 98.037,16
DO_1D_3191_096w,1D, 96.871,22
DO_1D_3192_021w,1D, 28.312, 5
DO_1D_3192_044w,1D, 86.686,10
DO_1D_3192_096w,1D, 85.098,22
DO_20_1001_069w,20,113.143,16
DO_20_1001_097w,20, 68.090,22
DO_20_1001_121w,20, 66.299,28
DO_20_1002_044w,20, 25.608,10
DO_20_1003_044w,20, 37.663,10
DO_20_1003_069w,20, 97.041,16
DO_20_1003_097w,20, 76.194,22
DO_20_1003_121w,20, 77.616,28
DO_20_1004_044w,20, 33.125,10
DO_20_1004_069w,20, 89.868,16
DO_20_1004_097w,20, 63.308,22
DO_20_1004_121w,20, 69.478,28
DO_20_1005_044w,20, 26.513,10
DO_20_1006_044w,20, 35.250,10
DO_20_1006_069w,20, 77.422,16
DO_20_1006_097w,20, 68.286,22
DO_20_1006_121w,20, 67.800,28
DO_20_1007_044w,20, 38.551,10
DO_20_1007_069w,20, 85.984,16
DO_20_1008_044w,20, 40.865,10
DO_20_1008_069w,20, 90.010,16
DO_20_1008_121w,20, 93.252,28
DO_20_1009_044w,20, 26.247,10
DO_20_1009_069w,20, 56.195,16
DO_20_1009_097w,20, 96.093,22
DO_20_1010_044w,20, 25.993,10
DO_20_1010_069w,20, 57.046,16
DO_20_1010_097w,20,126.065,22
DO_20_1010_121w,20,122.234,28
DO_20_1011_044w,20, 26.427,10
DO_20_1011_069w,20, 58.555,16
DO_20_1011_097w,20, 92.866,22
DO_20_1012_044w,20, 27.972,10
DO_20_1012_069w,20, 50.574,16
DO_20_1012_097w,20, 99.874,22
DO_20_1013_044w,20, 27.102,10
DO_20_1013_069w,20, 62.378,16
DO_20_1013_097w,20, 84.591,22
DO_20_1013_121w,20,100.223,28
DO_20_1014_044w,20, 23.225,10
DO_20_1015_044w,20, 26.053,10
DO_20_1015_069w,20, 55.066,16
DO_20_1015_097w,20, 75.612,22
DO_20_1015_121w,20, 71.230,28
DO_20_1016_044w,20, 28.194,10
DO_20_1016_069w,20, 34.985,16
DO_20_1017_043w,20, 22.978,10
DO_20_1017_069w,20, 33.971,16
DO_20_1017_097w,20, 60.834,22
DO_20_1018_043w,20, 37.315,10
DO_20_1018_069w,20, 40.851,16
DO_20_1018_097w,20, 64.722,22
DO_20_1018_121w,20, 72.484,28
DO_20_1019_043w,20, 36.492,10
DO_20_1019_069w,20, 33.979,16
DO_20_1021_043w,20, 34.192,10
DO_20_1021_069w,20, 27.794,16
DO_20_1021_097w,20, 51.051,22
DO_20_1022_043w,20, 28.315,10
DO_20_1022_069w,20, 39.594,16
DO_20_1022_097w,20, 45.397,22
DO_20_1022_121w,20, 73.931,28
DO_20_1023_043w,20, 26.171,10
DO_20_1023_069w,20, 29.411,16
DO_20_1024_043w,20, 39.583,10
DO_20_1024_069w,20, 40.490,16
DO_20_1024_097w,20, 59.033,22
DO_20_1025_043w,20, 28.939,10
DO_20_1025_069w,20, 59.516,16
DO_20_1025_097w,20, 59.018,22
DO_20_1025_121w,20,104.017,28
DO_20_1026_043w,20, 32.244,10
DO_20_1026_069w,20, 59.296,16
DO_20_1027_043w,20, 25.796,10
DO_20_1027_069w,20, 61.885,16
DO_20_1027_121w,20,111.934,28
DO_20_1028_069w,20, 59.788,16
DO_20_1028_097w,20, 55.162,22
DO_20_1028_121w,20,111.550,28
DO_20_1029_043w,20, 25.361,10
DO_20_1029_069w,20, 58.043,16
DO_20_1029_097w,20, 55.537,22
DO_20_1029_121w,20, 95.642,28
DO_20_1030_043w,20, 32.675,10
DO_20_1032_097w,20, 50.341,22
DO_20_1033_023w,20, 33.742, 5
DO_20_1033_044w,20, 34.291,10
DO_20_1033_069w,20, 65.287,16
DO_20_1033_096w,20, 81.618,22
DO_20_1034_023w,20, 22.495, 5
DO_20_1034_044w,20, 26.378,10
DO_20_1034_069w,20, 66.140,16
DO_20_1034_096w,20, 68.911,22
DO_20_1034_121w,20, 82.720,28
DO_20_1035_023w,20, 47.359, 5
DO_20_1035_044w,20, 46.602,10
DO_20_1035_069w,20, 72.103,16
DO_20_1036_023w,20, 31.179, 5
DO_20_1036_044w,20, 34.525,10
DO_20_1036_069w,20, 65.053,16
DO_20_1037_023w,20, 33.318, 5
DO_20_1037_044w,20, 31.788,10
DO_20_1037_069w,20, 67.247,16
DO_20_1037_096w,20, 55.680,22
DO_20_1038_023w,20, 25.249, 5
DO_20_1038_044w,20, 44.952,10
DO_20_1039_023w,20, 24.722, 5
DO_20_1039_044w,20, 29.846,10
DO_20_1039_069w,20, 59.225,16
DO_20_1039_096w,20, 49.888,22
DO_20_1039_121w,20,105.517,28
DO_20_1040_044w,20, 34.365,10
DO_20_1040_069w,20, 67.525,16
DO_20_1040_096w,20, 59.223,22
DO_20_1040_121w,20, 76.985,28
DO_20_1041_044w,20, 29.791,10
DO_20_1041_069w,20, 53.248,16
DO_20_1041_096w,20, 94.461,22
DO_20_1041_121w,20, 55.333,28
DO_20_1042_023w,20, 30.775, 5
DO_20_1042_044w,20, 36.469,10
DO_20_1042_069w,20, 54.538,16
DO_20_1042_096w,20, 60.568,22
DO_20_1043_044w,20, 32.709,10
DO_20_1043_069w,20, 56.499,16
DO_20_1043_096w,20, 80.235,22
DO_20_1044_023w,20, 22.704, 5
DO_20_1044_044w,20, 26.229,10
DO_20_1044_069w,20, 62.672,16
DO_20_1044_096w,20, 61.319,22
DO_20_1044_121w,20, 71.314,28
DO_20_1045_023w,20, 25.711, 5
DO_20_1045_044w,20, 30.480,10
DO_20_1045_096w,20, 57.606,22
DO_20_1045_121w,20, 58.751,28
DO_20_1046_044w,20, 22.397,10
DO_20_1046_096w,20, 60.625,22
DO_20_1046_121w,20, 70.248,28
DO_20_1047_023w,20, 28.367, 5
DO_20_1047_069w,20, 56.876,16
DO_20_1047_096w,20, 68.265,22
DO_20_1048_023w,20, 24.782, 5
DO_20_1048_044w,20, 30.969,10
DO_20_1049_020w,20, 26.295, 5
DO_20_1049_069w,20, 56.054,16
DO_20_1050_020w,20, 23.288, 5
DO_20_1051_020w,20, 26.111, 5
DO_20_1051_096w,20, 70.382,22
DO_20_1052_020w,20, 21.035, 5
DO_20_1053_121w,20, 74.925,28
DO_20_1054_020w,20, 24.762, 5
DO_20_1054_044w,20, 49.033,10
DO_20_1054_069w,20, 63.289,16
DO_20_1054_096w,20, 60.393,22
DO_20_1054_121w,20, 98.418,28
DO_20_1056_020w,20, 26.750, 5
DO_20_1056_069w,20, 64.067,16
DO_20_1056_096w,20, 58.709,22
DO_20_1057_069w,20, 63.363,16
DO_20_1057_121w,20, 88.332,28
DO_20_1058_069w,20, 67.533,16
DO_20_1058_096w,20, 88.124,22
DO_20_1058_121w,20,103.165,28
DO_20_1059_020w,20, 21.620, 5
DO_20_1059_121w,20, 95.825,28
DO_20_1060_020w,20, 21.362, 5
DO_20_1060_069w,20, 62.964,16
DO_20_1060_096w,20, 77.334,22
DO_20_1062_069w,20, 61.758,16
DO_20_1062_096w,20, 68.003,22
DO_20_1063_121w,20, 79.377,28
DO_20_1064_020w,20, 25.680, 5
DO_20_1064_044w,20, 57.035,10
DO_20_1064_121w,20,103.950,28
DO_20_1065_021w,20, 28.522, 5
DO_20_1065_068w,20, 58.029,16
DO_20_1065_095w,20, 61.533,22
DO_20_1065_120w,20,107.429,28
DO_20_1066_120w,20, 58.601,28
DO_20_1067_096w,20, 62.499,22
DO_20_1067_120w,20, 77.509,28
DO_20_1068_021w,20, 21.638, 5
DO_20_1068_068w,20, 49.843,16
DO_20_1068_096w,20, 58.962,22
DO_20_1069_021w,20, 21.681, 5
DO_20_1069_068w,20, 58.374,16
DO_20_1069_120w,20, 59.642,28
DO_20_1070_021w,20, 24.426, 5
DO_20_1070_044w,20, 53.695,10
DO_20_1070_068w,20, 51.574,16
DO_20_1071_068w,20, 56.241,16
DO_20_1071_096w,20, 81.032,22
DO_20_1071_120w,20, 71.674,28
DO_20_1072_021w,20, 21.595, 5
DO_20_1072_068w,20, 57.727,16
DO_20_1072_096w,20, 70.709,22
DO_20_1073_021w,20, 30.478, 5
DO_20_1074_068w,20, 59.024,16
DO_20_1074_096w,20, 46.847,22
DO_20_1075_021w,20, 23.881, 5
DO_20_1075_068w,20, 52.490,16
DO_20_1075_096w,20, 59.096,22
DO_20_1076_021w,20, 30.705, 5
DO_20_1077_021w,20, 21.389, 5
DO_20_1077_068w,20, 47.342,16
DO_20_1077_096w,20, 55.786,22
DO_20_1078_021w,20, 21.731, 5
DO_20_1078_068w,20, 70.448,16
DO_20_1078_096w,20, 42.442,22
DO_20_1078_120w,20, 98.226,28
DO_20_1079_021w,20, 21.771, 5
DO_20_1079_068w,20, 64.999,16
DO_20_1079_096w,20, 75.643,22
DO_20_1079_120w,20,110.781,28
DO_20_1080_021w,20, 23.454, 5
DO_20_1080_068w,20, 68.047,16
DO_20_1081_022w,20, 50.480, 5
DO_20_1081_069w,20, 63.364,16
DO_20_1081_096w,20, 92.533,22
DO_20_1082_022w,20, 44.522, 5
DO_20_1082_069w,20, 49.555,16
DO_20_1082_096w,20, 79.946,22
DO_20_1082_121w,20,122.782,28
DO_20_1083_022w,20, 62.232, 5
DO_20_1083_069w,20, 71.376,16
DO_20_1084_022w,20, 44.070, 5
DO_20_1084_096w,20, 92.771,22
DO_20_1085_022w,20, 53.732, 5
DO_20_1086_022w,20, 25.609, 5
DO_20_1086_069w,20, 55.968,16
DO_20_1086_096w,20, 78.510,22
DO_20_1087_069w,20, 56.743,16
DO_20_1087_096w,20, 88.351,22
DO_20_1088_022w,20, 50.854, 5
DO_20_1088_069w,20, 60.592,16
DO_20_1088_096w,20, 88.065,22
DO_20_1088_121w,20,123.032,28
DO_20_1089_022w,20, 21.962, 5
DO_20_1089_069w,20, 56.378,16
DO_20_1089_096w,20, 87.874,22
DO_20_1090_022w,20, 34.127, 5
DO_20_1090_069w,20, 61.342,16
DO_20_1090_096w,20, 97.548,22
DO_20_1090_121w,20,122.878,28
DO_20_1091_022w,20, 27.996, 5
DO_20_1091_069w,20, 50.344,16
DO_20_1092_022w,20, 24.500, 5
DO_20_1093_069w,20, 50.881,16
DO_20_1093_096w,20, 90.794,22
DO_20_1093_121w,20,109.849,28
DO_20_1094_022w,20, 22.172, 5
DO_20_1094_069w,20, 58.296,16
DO_20_1094_096w,20, 99.375,22
DO_20_1094_121w,20,114.107,28
DO_20_1096_022w,20, 29.790, 5
DO_20_1097_020w,20, 28.261, 5
DO_20_1097_044w,20, 41.361,10
DO_20_1097_069w,20, 79.924,16
DO_20_1097_096w,20, 72.841,22
DO_20_1098_020w,20, 22.719, 5
DO_20_1098_044w,20, 30.942,10
DO_20_1098_069w,20, 54.843,16
DO_20_1098_121w,20, 93.038,28
DO_20_1099_044w,20, 39.977,10
DO_20_1099_069w,20, 68.346,16
DO_20_1099_121w,20,103.958,28
DO_20_1100_020w,20, 26.373, 5
DO_20_1100_044w,20, 35.294,10
DO_20_1100_069w,20, 56.777,16
DO_20_1100_096w,20, 60.490,22
DO_20_1100_121w,20,106.298,28
DO_20_1101_021w,20, 26.046, 5
DO_20_1101_069w,20, 73.657,16
DO_20_1101_096w,20, 68.792,22
DO_20_1101_121w,20, 88.101,28
DO_20_1102_020w,20, 23.848, 5
DO_20_1102_044w,20, 38.489,10
DO_20_1102_069w,20, 66.388,16
DO_20_1102_096w,20, 54.323,22
DO_20_1102_121w,20,114.747,28
DO_20_1103_020w,20, 24.360, 5
DO_20_1103_044w,20, 39.832,10
DO_20_1104_020w,20, 24.364, 5
DO_20_1104_044w,20, 41.829,10
DO_20_1104_069w,20, 73.359,16
DO_20_1105_020w,20, 56.942, 5
DO_20_1105_044w,20, 32.311,10
DO_20_1105_069w,20, 65.154,16
DO_20_1106_044w,20, 31.648,10
DO_20_1106_069w,20, 67.829,16
DO_20_1106_096w,20, 74.875,22
DO_20_1107_020w,20, 21.373, 5
DO_20_1108_020w,20, 21.553, 5
DO_20_1108_044w,20, 61.455,10
DO_20_1108_069w,20, 59.698,16
DO_20_1109_020w,20, 27.414, 5
DO_20_1109_044w,20, 34.447,10
DO_20_1109_069w,20, 64.956,16
DO_20_1109_096w,20, 70.601,22
DO_20_1110_020w,20, 22.479, 5
DO_20_1110_044w,20, 44.545,10
DO_20_1110_069w,20, 77.493,16
DO_20_1110_096w,20, 73.210,22
DO_20_1111_021w,20, 23.274, 5
DO_20_1111_044w,20, 32.336,10
DO_20_1111_096w,20, 64.091,22
DO_20_1111_121w,20, 94.891,28
DO_20_1112_044w,20, 36.478,10
DO_20_1112_069w,20, 65.737,16
DO_20_1112_096w,20, 71.284,22
DO_20_1112_121w,20,118.341,28
DO_20_1113_021w,20, 31.137, 5
DO_20_1113_044w,20, 35.833,10
DO_20_1113_069w,20, 88.899,16
DO_20_1114_021w,20, 50.644, 5
DO_20_1114_044w,20, 27.026,10
DO_20_1114_096w,20, 68.678,22
DO_20_1115_021w,20, 27.806, 5
DO_20_1115_044w,20, 70.168,10
DO_20_1115_069w,20,105.490,16
DO_20_1116_021w,20, 27.983, 5
DO_20_1116_069w,20, 62.083,16
DO_20_1116_120w,20,108.529,28
DO_20_1117_021w,20, 22.014, 5
DO_20_1117_044w,20, 57.538,10
DO_20_1117_069w,20, 87.289,16
DO_20_1117_120w,20, 83.816,28
DO_20_1118_021w,20, 25.171, 5
DO_20_1119_021w,20, 24.508, 5
DO_20_1119_044w,20, 57.517,10
DO_20_1119_120w,20,102.868,28
DO_20_1120_021w,20, 32.186, 5
DO_20_1120_044w,20, 63.687,10
DO_20_1120_120w,20, 75.806,28
DO_20_1121_021w,20, 48.315, 5
DO_20_1121_044w,20, 56.237,10
DO_20_1122_021w,20, 32.319, 5
DO_20_1122_044w,20, 33.497,10
DO_20_1122_096w,20, 74.249,22
DO_20_1122_120w,20, 85.441,28
DO_20_1123_044w,20, 24.056,10
DO_20_1123_096w,20, 72.884,22
DO_20_1123_120w,20,109.796,28
DO_20_1124_021w,20, 25.091, 5
DO_20_1124_044w,20, 30.704,10
DO_20_1124_096w,20, 57.120,22
DO_20_1124_120w,20, 91.580,28
DO_20_1125_021w,20, 37.987, 5
DO_20_1125_044w,20, 41.108,10
DO_20_1126_021w,20, 24.850, 5
DO_20_1126_044w,20, 41.040,10
DO_20_1126_096w,20, 66.000,22
DO_20_1126_120w,20, 99.769,28
DO_20_1127_021w,20, 25.225, 5
DO_20_1127_044w,20, 29.347,10
DO_20_1127_069w,20, 59.930,16
DO_20_1127_120w,20, 59.702,28
DO_20_1128_021w,20, 34.951, 5
DO_20_1128_044w,20, 61.788,10
DO_20_1128_069w,20, 63.477,16
DO_20_1128_120w,20,107.792,28
DO_20_1129_021w,20, 30.054, 5
DO_20_1129_069w,20, 66.082,16
DO_20_1129_096w,20, 68.344,22
DO_20_1130_021w,20, 28.692, 5
DO_20_1130_044w,20, 25.366,10
DO_20_1130_069w,20, 68.619,16
DO_20_1131_021w,20, 23.940, 5
DO_20_1131_069w,20, 87.831,16
DO_20_1131_096w,20, 99.843,22
DO_20_1131_121w,20, 80.984,28
DO_20_1132_021w,20, 34.607, 5
DO_20_1132_044w,20, 24.155,10
DO_20_1132_096w,20, 63.363,22
DO_20_1132_121w,20,104.005,28
DO_20_1133_021w,20, 24.214, 5
DO_20_1133_044w,20, 31.491,10
DO_20_1133_069w,20, 61.277,16
DO_20_1133_096w,20, 73.797,22
DO_20_1134_044w,20, 25.673,10
DO_20_1134_096w,20, 80.580,22
DO_20_1135_044w,20, 41.449,10
DO_20_1135_069w,20, 72.387,16
DO_20_1136_021w,20, 33.380, 5
DO_20_1136_044w,20, 29.797,10
DO_20_1136_069w,20, 68.781,16
DO_20_1136_096w,20, 85.925,22
DO_20_1136_121w,20,100.060,28
DO_20_1137_021w,20, 25.442, 5
DO_20_1137_044w,20, 35.748,10
DO_20_1138_021w,20, 34.506, 5
DO_20_1138_044w,20, 35.693,10
DO_20_1138_069w,20, 77.414,16
DO_20_1139_021w,20, 45.804, 5
DO_20_1139_044w,20, 38.227,10
DO_20_1139_096w,20, 96.632,22
DO_20_1140_021w,20, 26.202, 5
DO_20_1140_044w,20, 41.401,10
DO_20_1140_069w,20, 60.050,16
DO_20_1141_021w,20, 23.076, 5
DO_20_1141_044w,20, 28.617,10
DO_20_1141_069w,20, 61.582,16
DO_20_1141_096w,20, 87.053,22
DO_20_1142_044w,20, 32.630,10
DO_20_1142_069w,20, 59.111,16
DO_20_1142_096w,20, 66.116,22
DO_20_1143_021w,20, 32.743, 5
DO_20_1143_044w,20, 40.977,10
DO_20_1143_069w,20, 55.838,16
DO_20_1144_044w,20, 43.253,10
DO_20_1145_021w,20, 31.160, 5
DO_20_1145_044w,20, 53.925,10
DO_20_1145_069w,20, 61.478,16
DO_20_1146_021w,20, 28.312, 5
DO_20_1146_044w,20, 66.462,10
DO_20_1146_069w,20, 69.110,16
DO_20_1146_096w,20, 76.283,22
DO_20_1147_021w,20, 22.889, 5
DO_20_1147_044w,20, 56.622,10
DO_20_1147_069w,20, 76.486,16
DO_20_1147_096w,20, 63.285,22
DO_20_1148_069w,20, 98.263,16
DO_20_1148_096w,20,110.593,22
DO_20_1149_021w,20, 43.907, 5
DO_20_1149_069w,20, 60.130,16
DO_20_1149_096w,20, 95.133,22
DO_20_1150_021w,20, 28.865, 5
DO_20_1150_096w,20, 85.055,22
DO_20_1151_021w,20, 26.533, 5
DO_20_1151_044w,20, 59.592,10
DO_20_1151_069w,20, 87.774,16
DO_20_1152_044w,20, 68.383,10
DO_20_1152_069w,20, 91.238,16
DO_20_1152_096w,20,110.151,22
DO_20_1153_021w,20, 32.486, 5
DO_20_1154_021w,20, 35.806, 5
DO_20_1154_044w,20, 54.497,10
DO_20_1154_069w,20, 64.832,16
DO_20_1155_021w,20, 43.272, 5
DO_20_1155_044w,20, 66.184,10
DO_20_1156_021w,20, 22.970, 5
DO_20_1156_096w,20, 75.447,22
DO_20_1157_021w,20, 28.653, 5
DO_20_1157_044w,20, 67.888,10
DO_20_1157_069w,20, 65.927,16
DO_20_1157_096w,20, 75.159,22
DO_20_1158_021w,20, 37.694, 5
DO_20_1158_044w,20, 54.912,10
DO_20_1159_021w,20, 35.275, 5
DO_20_1159_069w,20, 61.236,16
DO_20_1160_021w,20, 29.041, 5
DO_20_1160_044w,20, 62.655,10
DO_20_1160_069w,20, 67.024,16
DO_20_1160_096w,20, 69.665,22
DO_20_1160_121w,20, 82.334,28
DO_20_1161_021w,20, 27.938, 5
DO_20_1161_044w,20, 79.873,10
DO_20_1161_097w,20, 89.745,22
DO_20_1162_021w,20, 22.480, 5
DO_20_1162_044w,20, 84.355,10
DO_20_1163_044w,20, 67.919,10
DO_20_1163_069w,20, 92.544,16
DO_20_1163_097w,20, 74.137,22
DO_20_1164_021w,20, 23.307, 5
DO_20_1164_044w,20, 59.214,10
DO_20_1164_097w,20, 67.721,22
DO_20_1164_121w,20, 89.195,28
DO_20_1165_021w,20, 31.919, 5
DO_20_1165_044w,20,101.145,10
DO_20_1165_097w,20,110.319,22
DO_20_1165_121w,20,110.557,28
DO_20_1166_021w,20, 22.612, 5
DO_20_1166_044w,20, 88.196,10
DO_20_1166_097w,20,117.134,22
DO_20_1167_021w,20, 45.070, 5
DO_20_1168_021w,20, 31.949, 5
DO_20_1168_044w,20, 76.913,10
DO_20_1168_121w,20,113.841,28
DO_20_1169_021w,20, 36.341, 5
DO_20_1170_021w,20, 56.893, 5
DO_20_1170_097w,20,102.649,22
DO_20_1170_121w,20, 96.039,28
DO_20_1171_021w,20, 25.636, 5
DO_20_1171_097w,20, 66.338,22
DO_20_1172_021w,20, 22.906, 5
DO_20_1172_069w,20, 67.726,16
DO_20_1172_097w,20, 74.204,22
DO_20_1173_021w,20, 31.747, 5
DO_20_1173_069w,20, 70.092,16
DO_20_1173_097w,20,106.276,22
DO_20_1173_121w,20,111.814,28
DO_20_1174_021w,20, 23.201, 5
DO_20_1174_121w,20,109.159,28
DO_20_1175_044w,20, 65.254,10
DO_20_1175_097w,20,109.907,22
DO_20_1175_121w,20,119.792,28
DO_20_1176_044w,20, 56.514,10
DO_20_1176_069w,20, 85.571,16
DO_20_1176_097w,20, 68.693,22
DO_20_1177_021w,20, 45.524, 5
DO_20_1177_044w,20, 52.550,10
DO_20_1177_096w,20, 78.896,22
DO_20_1178_021w,20, 30.968, 5
DO_20_1178_044w,20, 67.973,10
DO_20_1178_096w,20, 71.038,22
DO_20_1178_122w,20, 70.852,28
DO_20_1179_044w,20, 51.810,10
DO_20_1179_122w,20, 71.842,28
DO_20_1180_021w,20, 52.219, 5
DO_20_1180_044w,20, 71.242,10
DO_20_1180_096w,20, 89.573,22
DO_20_1181_021w,20, 52.476, 5
DO_20_1181_122w,20, 92.613,28
DO_20_1182_021w,20, 65.501, 5
DO_20_1182_044w,20, 70.603,10
DO_20_1183_021w,20, 53.226, 5
DO_20_1183_044w,20, 66.043,10
DO_20_1183_096w,20, 81.366,22
DO_20_1183_122w,20, 69.603,28
DO_20_1184_021w,20, 43.275, 5
DO_20_1184_044w,20, 62.288,10
DO_20_1185_021w,20, 41.908, 5
DO_20_1185_044w,20, 78.886,10
DO_20_1186_096w,20,106.794,22
DO_20_1186_122w,20,110.403,28
DO_20_1187_021w,20, 46.863, 5
DO_20_1187_044w,20, 64.412,10
DO_20_1187_069w,20, 79.589,16
DO_20_1187_096w,20, 71.056,22
DO_20_1188_021w,20, 48.791, 5
DO_20_1188_044w,20, 69.470,10
DO_20_1188_069w,20, 83.041,16
DO_20_1188_122w,20,109.327,28
DO_20_1189_021w,20, 51.195, 5
DO_20_1189_069w,20, 87.802,16
DO_20_1189_096w,20, 95.327,22
DO_20_1189_122w,20,125.103,28
DO_20_1190_021w,20, 62.182, 5
DO_20_1190_044w,20, 65.653,10
DO_20_1190_069w,20, 93.541,16
DO_20_1190_122w,20,126.066,28
DO_20_1191_021w,20, 51.685, 5
DO_20_1191_122w,20,102.143,28
DO_20_1192_021w,20, 52.721, 5
DO_20_1192_044w,20, 59.465,10
DO_2D_4001_044w,2D, 47.081,10
DO_2D_4001_069w,2D, 60.520,16
DO_2D_4001_097w,2D,100.692,22
DO_2D_4001_121w,2D,120.300,28
DO_2D_4002_044w,2D, 50.568,10
DO_2D_4002_069w,2D, 74.870,16
DO_2D_4002_097w,2D, 64.913,22
DO_2D_4002_121w,2D,108.169,28
DO_2D_4003_044w,2D, 41.752,10
DO_2D_4003_069w,2D, 66.842,16
DO_2D_4003_097w,2D, 97.560,22
DO_2D_4003_121w,2D,102.542,28
DO_2D_4004_044w,2D, 51.608,10
DO_2D_4004_097w,2D,105.131,22
DO_2D_4004_121w,2D,110.187,28
DO_2D_4005_044w,2D, 43.850,10
DO_2D_4005_069w,2D, 60.566,16
DO_2D_4006_044w,2D, 43.040,10
DO_2D_4006_069w,2D, 57.109,16
DO_2D_4006_097w,2D, 93.802,22
DO_2D_4007_044w,2D, 44.074,10
DO_2D_4007_069w,2D, 70.945,16
DO_2D_4007_097w,2D, 97.066,22
DO_2D_4008_044w,2D, 42.652,10
DO_2D_4009_044w,2D, 39.552,10
DO_2D_4009_069w,2D, 63.443,16
DO_2D_4009_097w,2D, 66.584,22
DO_2D_4009_121w,2D, 66.645,28
DO_2D_4011_044w,2D, 51.825,10
DO_2D_4011_097w,2D, 77.378,22
DO_2D_4011_121w,2D, 69.912,28
DO_2D_4012_044w,2D, 43.899,10
DO_2D_4012_069w,2D, 59.970,16
DO_2D_4012_097w,2D, 66.394,22
DO_2D_4012_121w,2D, 53.782,28
DO_2D_4013_044w,2D, 41.947,10
DO_2D_4013_069w,2D, 42.990,16
DO_2D_4014_044w,2D, 42.684,10
DO_2D_4014_069w,2D, 54.418,16
DO_2D_4015_044w,2D, 35.099,10
DO_2D_4015_069w,2D, 54.639,16
DO_2D_4015_097w,2D, 66.238,22
DO_2D_4015_121w,2D, 79.425,28
DO_2D_4016_044w,2D, 52.355,10
DO_2D_4016_069w,2D, 55.424,16
DO_2D_4016_097w,2D, 67.564,22
DO_2D_4017_043w,2D, 26.953,10
DO_2D_4017_069w,2D, 61.883,16
DO_2D_4017_097w,2D, 65.228,22
DO_2D_4018_043w,2D, 25.405,10
DO_2D_4018_069w,2D, 50.966,16
DO_2D_4018_097w,2D, 61.612,22
DO_2D_4019_043w,2D, 52.874,10
DO_2D_4019_069w,2D, 62.333,16
DO_2D_4019_097w,2D, 66.081,22
DO_2D_4019_121w,2D, 65.249,28
DO_2D_4020_043w,2D, 53.387,10
DO_2D_4020_069w,2D, 78.718,16
DO_2D_4021_043w,2D, 27.707,10
DO_2D_4021_069w,2D, 60.091,16
DO_2D_4022_043w,2D, 56.832,10
DO_2D_4022_097w,2D, 60.270,22
DO_2D_4022_121w,2D,103.905,28
DO_2D_4023_043w,2D, 29.070,10
DO_2D_4023_069w,2D, 63.318,16
DO_2D_4023_121w,2D, 95.091,28
DO_2D_4024_043w,2D, 38.076,10
DO_2D_4024_069w,2D, 72.647,16
DO_2D_4024_121w,2D, 95.868,28
DO_2D_4025_043w,2D, 33.195,10
DO_2D_4025_069w,2D, 71.615,16
DO_2D_4026_069w,2D, 59.837,16
DO_2D_4026_097w,2D, 60.602,22
DO_2D_4027_043w,2D, 40.421,10
DO_2D_4027_069w,2D, 68.446,16
DO_2D_4027_097w,2D, 68.824,22
DO_2D_4027_121w,2D,105.049,28
DO_2D_4028_043w,2D, 28.609,10
DO_2D_4028_069w,2D, 58.700,16
DO_2D_4028_097w,2D, 62.187,22
DO_2D_4028_121w,2D, 65.921,28
DO_2D_4029_043w,2D, 26.375,10
DO_2D_4029_069w,2D, 58.415,16
DO_2D_4029_097w,2D, 45.645,22
DO_2D_4030_043w,2D, 28.776,10
DO_2D_4030_069w,2D, 66.422,16
DO_2D_4030_097w,2D, 75.106,22
DO_2D_4031_043w,2D, 28.315,10
DO_2D_4031_069w,2D, 50.724,16
DO_2D_4032_043w,2D, 26.820,10
DO_2D_4032_069w,2D, 48.369,16
DO_2D_4032_097w,2D, 36.068,22
DO_2D_4032_121w,2D, 96.298,28
DO_2D_4033_023w,2D, 23.353, 5
DO_2D_4033_069w,2D, 63.808,16
DO_2D_4033_096w,2D, 97.618,22
DO_2D_4033_121w,2D, 75.893,28
DO_2D_4034_069w,2D, 55.018,16
DO_2D_4034_096w,2D, 68.340,22
DO_2D_4034_121w,2D, 60.167,28
DO_2D_4035_096w,2D, 58.871,22
DO_2D_4035_121w,2D, 60.360,28
DO_2D_4036_069w,2D,115.444,16
DO_2D_4036_096w,2D,111.442,22
DO_2D_4037_096w,2D, 80.749,22
DO_2D_4037_121w,2D, 70.066,28
DO_2D_4039_069w,2D, 64.986,16
DO_2D_4039_096w,2D, 84.196,22
DO_2D_4039_121w,2D, 62.803,28
DO_2D_4040_069w,2D, 64.840,16
DO_2D_4040_096w,2D, 62.669,22
DO_2D_4040_121w,2D, 84.487,28
DO_2D_4041_069w,2D, 65.934,16
DO_2D_4041_096w,2D, 67.079,22
DO_2D_4041_121w,2D, 56.666,28
DO_2D_4042_069w,2D, 75.591,16
DO_2D_4042_096w,2D, 65.010,22
DO_2D_4042_121w,2D, 77.067,28
DO_2D_4043_069w,2D, 63.257,16
DO_2D_4043_096w,2D, 56.099,22
DO_2D_4043_121w,2D, 60.615,28
DO_2D_4045_069w,2D, 64.570,16
DO_2D_4045_096w,2D, 70.142,22
DO_2D_4046_096w,2D, 72.678,22
DO_2D_4046_121w,2D, 67.298,28
DO_2D_4047_069w,2D, 73.711,16
DO_2D_4047_096w,2D, 71.312,22
DO_2D_4048_069w,2D, 76.546,16
DO_2D_4049_044w,2D, 65.890,10
DO_2D_4049_096w,2D, 76.194,22
DO_2D_4049_121w,2D, 62.018,28
DO_2D_4050_020w,2D, 32.896, 5
DO_2D_4050_069w,2D, 63.429,16
DO_2D_4050_096w,2D, 53.943,22
DO_2D_4050_121w,2D, 53.208,28
DO_2D_4051_020w,2D, 24.703, 5
DO_2D_4052_020w,2D, 24.378, 5
DO_2D_4052_069w,2D, 72.200,16
DO_2D_4052_096w,2D, 67.187,22
DO_2D_4052_121w,2D, 67.341,28
DO_2D_4053_069w,2D, 56.545,16
DO_2D_4053_096w,2D, 57.167,22
DO_2D_4054_020w,2D, 86.956, 5
DO_2D_4054_069w,2D, 52.196,16
DO_2D_4054_096w,2D, 57.835,22
DO_2D_4055_020w,2D, 31.608, 5
DO_2D_4056_020w,2D, 22.330, 5
DO_2D_4057_044w,2D, 37.120,10
DO_2D_4057_069w,2D, 65.187,16
DO_2D_4057_096w,2D, 61.073,22
DO_2D_4057_121w,2D,106.540,28
DO_2D_4058_020w,2D, 34.398, 5
DO_2D_4058_121w,2D,122.299,28
DO_2D_4059_044w,2D, 45.095,10
DO_2D_4059_069w,2D, 69.196,16
DO_2D_4059_096w,2D, 63.927,22
DO_2D_4059_121w,2D,108.049,28
DO_2D_4061_020w,2D, 22.273, 5
DO_2D_4061_096w,2D, 67.302,22
DO_2D_4062_044w,2D, 35.836,10
DO_2D_4062_096w,2D, 66.063,22
DO_2D_4062_121w,2D,115.116,28
DO_2D_4063_020w,2D, 24.738, 5
DO_2D_4063_044w,2D, 24.918,10
DO_2D_4063_096w,2D, 59.588,22
DO_2D_4064_020w,2D, 23.507, 5
DO_2D_4064_069w,2D, 60.131,16
DO_2D_4064_096w,2D, 59.331,22
DO_2D_4064_121w,2D, 85.380,28
DO_2D_4065_044w,2D, 47.931,10
DO_2D_4066_021w,2D, 26.193, 5
DO_2D_4066_044w,2D, 69.997,10
DO_2D_4066_068w,2D, 58.444,16
DO_2D_4067_021w,2D, 25.437, 5
DO_2D_4068_021w,2D, 26.891, 5
DO_2D_4068_044w,2D, 57.735,10
DO_2D_4069_021w,2D, 24.581, 5
DO_2D_4069_044w,2D, 64.163,10
DO_2D_4069_068w,2D, 72.906,16
DO_2D_4069_095w,2D, 79.918,22
DO_2D_4070_021w,2D, 25.709, 5
DO_2D_4070_068w,2D, 71.930,16
DO_2D_4071_021w,2D, 23.591, 5
DO_2D_4071_068w,2D, 58.854,16
DO_2D_4071_095w,2D, 83.080,22
DO_2D_4071_120w,2D, 74.730,28
DO_2D_4072_021w,2D, 24.404, 5
DO_2D_4072_044w,2D, 68.476,10
DO_2D_4072_068w,2D, 75.713,16
DO_2D_4072_120w,2D, 72.234,28
DO_2D_4073_021w,2D, 27.052, 5
DO_2D_4074_044w,2D, 37.613,10
DO_2D_4074_095w,2D, 73.261,22
DO_2D_4075_021w,2D, 22.325, 5
DO_2D_4075_120w,2D, 95.133,28
DO_2D_4076_021w,2D, 23.486, 5
DO_2D_4077_068w,2D, 62.400,16
DO_2D_4077_095w,2D,110.591,22
DO_2D_4079_068w,2D, 50.460,16
DO_2D_4079_095w,2D, 60.170,22
DO_2D_4079_120w,2D, 57.754,28
DO_2D_4080_021w,2D, 26.833, 5
DO_2D_4080_044w,2D, 64.265,10
DO_2D_4080_068w,2D, 61.460,16
DO_2D_4080_095w,2D, 67.889,22
DO_2D_4081_022w,2D, 24.349, 5
DO_2D_4081_043w,2D, 63.536,10
DO_2D_4081_068w,2D, 57.784,16
DO_2D_4081_096w,2D, 64.551,22
DO_2D_4082_043w,2D, 79.451,10
DO_2D_4082_068w,2D, 83.890,16
DO_2D_4082_096w,2D,108.145,22
DO_2D_4083_043w,2D, 58.569,10
DO_2D_4083_068w,2D, 61.164,16
DO_2D_4083_096w,2D, 92.770,22
DO_2D_4083_121w,2D,106.111,28
DO_2D_4084_022w,2D, 32.775, 5
DO_2D_4084_043w,2D, 56.697,10
DO_2D_4084_068w,2D, 83.683,16
DO_2D_4084_096w,2D, 86.384,22
DO_2D_4084_121w,2D,114.729,28
DO_2D_4085_043w,2D, 47.019,10
DO_2D_4085_121w,2D,110.394,28
DO_2D_4086_043w,2D, 60.725,10
DO_2D_4086_121w,2D,104.080,28
DO_2D_4087_043w,2D, 53.588,10
DO_2D_4087_068w,2D, 73.587,16
DO_2D_4088_043w,2D, 87.161,10
DO_2D_4089_069w,2D, 66.254,16
DO_2D_4089_096w,2D, 92.655,22
DO_2D_4089_121w,2D,100.877,28
DO_2D_4090_069w,2D, 49.015,16
DO_2D_4090_096w,2D, 89.700,22
DO_2D_4090_121w,2D, 80.733,28
DO_2D_4091_044w,2D, 54.829,10
DO_2D_4091_069w,2D, 47.490,16
DO_2D_4091_096w,2D, 84.876,22
DO_2D_4092_022w,2D, 22.549, 5
DO_2D_4092_044w,2D, 35.310,10
DO_2D_4092_069w,2D, 58.356,16
DO_2D_4092_096w,2D,106.913,22
DO_2D_4092_121w,2D, 90.134,28
DO_2D_4093_022w,2D, 25.043, 5
DO_2D_4093_044w,2D, 61.103,10
DO_2D_4093_069w,2D, 68.646,16
DO_2D_4094_044w,2D, 54.390,10
DO_2D_4094_069w,2D, 55.490,16
DO_2D_4094_096w,2D,102.708,22
DO_2D_4096_022w,2D, 21.876, 5
DO_2D_4096_044w,2D, 26.112,10
DO_2D_4096_069w,2D, 52.784,16
DO_2D_4096_096w,2D, 59.017,22
DO_2D_4097_021w,2D, 31.211, 5
DO_2D_4097_044w,2D, 46.829,10
DO_2D_4097_069w,2D, 63.599,16
DO_2D_4097_096w,2D, 99.338,22
DO_2D_4097_121w,2D, 93.799,28
DO_2D_4098_021w,2D, 24.264, 5
DO_2D_4098_044w,2D, 55.206,10
DO_2D_4099_044w,2D, 64.734,10
DO_2D_4099_069w,2D, 61.225,16
DO_2D_4099_096w,2D, 93.398,22
DO_2D_4099_121w,2D,108.953,28
DO_2D_4100_021w,2D, 22.187, 5
DO_2D_4100_044w,2D, 54.340,10
DO_2D_4100_096w,2D, 78.894,22
DO_2D_4101_020w,2D, 31.337, 5
DO_2D_4101_044w,2D, 44.419,10
DO_2D_4101_069w,2D, 80.622,16
DO_2D_4102_021w,2D, 27.543, 5
DO_2D_4102_044w,2D, 31.839,10
DO_2D_4102_069w,2D, 54.732,16
DO_2D_4102_096w,2D, 90.922,22
DO_2D_4104_020w,2D, 27.367, 5
DO_2D_4104_044w,2D, 54.327,10
DO_2D_4104_069w,2D,102.124,16
DO_2D_4104_096w,2D, 82.916,22
DO_2D_4104_121w,2D, 92.724,28
DO_2D_4105_020w,2D, 22.838, 5
DO_2D_4105_044w,2D, 66.776,10
DO_2D_4105_069w,2D, 63.647,16
DO_2D_4105_096w,2D, 98.969,22
DO_2D_4106_044w,2D, 63.171,10
DO_2D_4106_069w,2D, 56.174,16
DO_2D_4106_096w,2D, 88.236,22
DO_2D_4107_020w,2D, 22.097, 5
DO_2D_4107_044w,2D, 58.728,10
DO_2D_4108_021w,2D, 24.352, 5
DO_2D_4108_044w,2D, 66.003,10
DO_2D_4108_069w,2D, 51.064,16
DO_2D_4108_096w,2D, 75.593,22
DO_2D_4108_121w,2D, 59.535,28
DO_2D_4109_020w,2D, 24.810, 5
DO_2D_4109_044w,2D, 69.051,10
DO_2D_4109_069w,2D, 57.410,16
DO_2D_4110_044w,2D, 51.392,10
DO_2D_4111_021w,2D, 22.600, 5
DO_2D_4111_069w,2D, 52.423,16
DO_2D_4112_021w,2D, 24.570, 5
DO_2D_4112_044w,2D, 40.201,10
DO_2D_4112_069w,2D, 52.041,16
DO_2D_4113_021w,2D, 23.682, 5
DO_2D_4113_044w,2D, 56.890,10
DO_2D_4113_069w,2D, 94.615,16
DO_2D_4113_096w,2D, 87.463,22
DO_2D_4113_120w,2D, 83.241,28
DO_2D_4114_021w,2D, 30.427, 5
DO_2D_4114_044w,2D, 63.214,10
DO_2D_4114_069w,2D, 74.205,16
DO_2D_4114_096w,2D, 79.629,22
DO_2D_4114_120w,2D, 81.527,28
DO_2D_4115_021w,2D, 26.203, 5
DO_2D_4115_044w,2D, 43.400,10
DO_2D_4115_069w,2D, 58.673,16
DO_2D_4115_096w,2D, 93.541,22
DO_2D_4116_044w,2D, 61.371,10
DO_2D_4117_044w,2D, 75.737,10
DO_2D_4117_069w,2D, 84.915,16
DO_2D_4117_096w,2D,102.354,22
DO_2D_4117_120w,2D,118.034,28
DO_2D_4118_021w,2D, 23.110, 5
DO_2D_4118_044w,2D, 70.571,10
DO_2D_4118_069w,2D, 85.487,16
DO_2D_4119_021w,2D, 27.055, 5
DO_2D_4119_044w,2D, 77.053,10
DO_2D_4119_069w,2D, 97.371,16
DO_2D_4119_120w,2D,100.202,28
DO_2D_4120_021w,2D, 23.070, 5
DO_2D_4121_021w,2D, 34.882, 5
DO_2D_4121_069w,2D, 89.769,16
DO_2D_4121_096w,2D, 98.886,22
DO_2D_4122_044w,2D, 33.142,10
DO_2D_4122_069w,2D, 87.902,16
DO_2D_4122_096w,2D,102.400,22
DO_2D_4122_120w,2D,104.253,28
DO_2D_4123_021w,2D, 24.581, 5
DO_2D_4123_044w,2D, 36.106,10
DO_2D_4123_069w,2D, 81.927,16
DO_2D_4123_096w,2D,120.383,22
DO_2D_4123_120w,2D,103.849,28
DO_2D_4124_021w,2D, 22.649, 5
DO_2D_4124_069w,2D, 64.480,16
DO_2D_4124_096w,2D, 62.706,22
DO_2D_4124_120w,2D, 63.370,28
DO_2D_4125_044w,2D, 38.084,10
DO_2D_4125_069w,2D, 78.462,16
DO_2D_4125_096w,2D,101.271,22
DO_2D_4126_021w,2D, 23.335, 5
DO_2D_4127_021w,2D, 22.448, 5
DO_2D_4127_044w,2D, 44.080,10
DO_2D_4127_069w,2D, 96.638,16
DO_2D_4127_096w,2D,114.233,22
DO_2D_4128_021w,2D, 27.142, 5
DO_2D_4128_044w,2D, 34.412,10
DO_2D_4128_069w,2D, 76.264,16
DO_2D_4128_096w,2D, 84.806,22
DO_2D_4128_120w,2D,106.508,28
DO_2D_4129_021w,2D, 28.131, 5
DO_2D_4129_044w,2D, 78.533,10
DO_2D_4129_069w,2D, 80.738,16
DO_2D_4130_021w,2D, 28.293, 5
DO_2D_4130_044w,2D, 46.532,10
DO_2D_4130_069w,2D, 58.682,16
DO_2D_4130_096w,2D, 64.536,22
DO_2D_4131_021w,2D, 32.234, 5
DO_2D_4131_069w,2D, 64.457,16
DO_2D_4131_121w,2D, 67.708,28
DO_2D_4132_044w,2D, 81.266,10
DO_2D_4133_044w,2D, 69.134,10
DO_2D_4133_069w,2D, 53.778,16
DO_2D_4133_096w,2D, 91.632,22
DO_2D_4133_121w,2D, 77.654,28
DO_2D_4134_044w,2D, 66.319,10
DO_2D_4134_069w,2D, 73.645,16
DO_2D_4135_044w,2D, 67.248,10
DO_2D_4136_021w,2D, 22.696, 5
DO_2D_4136_044w,2D, 94.192,10
DO_2D_4136_069w,2D, 93.479,16
DO_2D_4136_096w,2D,111.572,22
DO_2D_4136_121w,2D, 78.094,28
DO_2D_4137_021w,2D, 24.527, 5
DO_2D_4137_069w,2D, 63.134,16
DO_2D_4137_096w,2D, 74.532,22
DO_2D_4137_121w,2D, 90.626,28
DO_2D_4138_021w,2D, 25.392, 5
DO_2D_4138_044w,2D, 94.873,10
DO_2D_4139_021w,2D, 30.007, 5
DO_2D_4140_021w,2D, 25.639, 5
DO_2D_4140_069w,2D, 66.016,16
DO_2D_4141_021w,2D, 24.337, 5
DO_2D_4141_069w,2D, 89.703,16
DO_2D_4142_021w,2D, 27.436, 5
DO_2D_4142_069w,2D, 60.669,16
DO_2D_4142_096w,2D, 81.690,22
DO_2D_4142_121w,2D,106.194,28
DO_2D_4143_021w,2D, 22.296, 5
DO_2D_4143_069w,2D, 95.957,16
DO_2D_4144_021w,2D, 21.749, 5
DO_2D_4144_069w,2D, 62.345,16
DO_2D_4144_096w,2D, 97.045,22
DO_2D_4144_121w,2D,106.346,28
DO_2D_4145_069w,2D, 91.960,16
DO_2D_4145_096w,2D, 92.924,22
DO_2D_4145_121w,2D,115.389,28
DO_2D_4146_069w,2D,110.443,16
DO_2D_4146_096w,2D,103.929,22
DO_2D_4147_021w,2D, 44.989, 5
DO_2D_4147_069w,2D,108.788,16
DO_2D_4147_096w,2D,109.552,22
DO_2D_4148_021w,2D, 58.596, 5
DO_2D_4148_069w,2D, 54.374,16
DO_2D_4148_096w,2D, 92.770,22
DO_2D_4148_121w,2D, 68.490,28
DO_2D_4149_069w,2D, 82.399,16
DO_2D_4149_096w,2D, 85.388,22
DO_2D_4149_121w,2D, 68.003,28
DO_2D_4150_021w,2D, 49.873, 5
DO_2D_4150_044w,2D, 51.571,10
DO_2D_4150_069w,2D,108.424,16
DO_2D_4150_096w,2D,108.545,22
DO_2D_4150_121w,2D,104.397,28
DO_2D_4151_044w,2D, 63.506,10
DO_2D_4151_069w,2D,104.059,16
DO_2D_4151_121w,2D,103.176,28
DO_2D_4152_044w,2D, 35.233,10
DO_2D_4152_069w,2D, 78.674,16
DO_2D_4155_021w,2D, 34.545, 5
DO_2D_4155_069w,2D, 62.684,16
DO_2D_4156_021w,2D, 53.934, 5
DO_2D_4157_044w,2D, 87.154,10
DO_2D_4157_069w,2D, 63.203,16
DO_2D_4157_121w,2D, 75.281,28
DO_2D_4158_044w,2D, 96.209,10
DO_2D_4158_069w,2D, 63.862,16
DO_2D_4158_121w,2D,106.760,28
DO_2D_4159_069w,2D, 86.728,16
DO_2D_4159_121w,2D,116.986,28
DO_2D_4161_021w,2D, 33.351, 5
DO_2D_4161_069w,2D, 79.226,16
DO_2D_4162_021w,2D, 21.511, 5
DO_2D_4162_069w,2D, 92.863,16
DO_2D_4162_097w,2D, 91.974,22
DO_2D_4163_021w,2D, 28.975, 5
DO_2D_4163_097w,2D, 89.383,22
DO_2D_4164_021w,2D, 28.076, 5
DO_2D_4164_044w,2D, 54.451,10
DO_2D_4164_097w,2D, 82.452,22
DO_2D_4165_021w,2D, 53.841, 5
DO_2D_4165_044w,2D, 74.218,10
DO_2D_4165_097w,2D,101.773,22
DO_2D_4165_121w,2D,109.575,28
DO_2D_4166_021w,2D, 23.911, 5
DO_2D_4167_021w,2D, 30.220, 5
DO_2D_4167_069w,2D,115.734,16
DO_2D_4167_097w,2D, 97.503,22
DO_2D_4167_121w,2D,112.545,28
DO_2D_4168_021w,2D, 22.320, 5
DO_2D_4168_069w,2D, 55.038,16
DO_2D_4168_097w,2D, 26.733,22
DO_2D_4168_121w,2D, 91.705,28
DO_2D_4169_021w,2D, 32.724, 5
DO_2D_4170_021w,2D, 32.486, 5
DO_2D_4170_069w,2D, 61.118,16
DO_2D_4171_021w,2D, 40.753, 5
DO_2D_4171_069w,2D, 51.626,16
DO_2D_4171_097w,2D, 57.125,22
DO_2D_4171_121w,2D, 58.555,28
DO_2D_4172_044w,2D, 63.685,10
DO_2D_4172_069w,2D, 58.347,16
DO_2D_4172_097w,2D, 94.737,22
DO_2D_4173_021w,2D, 27.240, 5
DO_2D_4174_021w,2D, 45.441, 5
DO_2D_4174_121w,2D,114.873,28
DO_2D_4175_021w,2D, 32.800, 5
DO_2D_4176_021w,2D, 21.709, 5
DO_2D_4176_069w,2D, 57.752,16
DO_2D_4176_097w,2D, 93.301,22
DO_2D_4177_021w,2D, 23.324, 5
DO_2D_4177_044w,2D, 57.338,10
DO_2D_4177_069w,2D, 51.372,16
DO_2D_4178_021w,2D, 41.678, 5
DO_2D_4178_044w,2D,101.156,10
DO_2D_4178_069w,2D, 91.858,16
DO_2D_4178_096w,2D,110.424,22
DO_2D_4178_122w,2D,118.137,28
DO_2D_4179_021w,2D, 26.277, 5
DO_2D_4179_044w,2D, 63.686,10
DO_2D_4179_069w,2D, 78.264,16
DO_2D_4180_021w,2D, 57.181, 5
DO_2D_4180_044w,2D, 63.134,10
DO_2D_4180_069w,2D, 98.580,16
DO_2D_4180_096w,2D, 69.018,22
DO_2D_4181_069w,2D, 93.260,16
DO_2D_4182_044w,2D, 82.104,10
DO_2D_4183_096w,2D, 92.074,22
DO_2D_4184_021w,2D, 23.269, 5
DO_2D_4184_044w,2D, 65.264,10
DO_2D_4184_069w,2D, 59.557,16
DO_2D_4184_096w,2D, 59.144,22
DO_2D_4184_122w,2D, 58.150,28
DO_2D_4186_069w,2D, 72.617,16
DO_2D_4186_096w,2D, 75.950,22
DO_2D_4186_122w,2D, 78.017,28
DO_2D_4187_069w,2D, 54.737,16
DO_2D_4188_069w,2D,109.576,16
DO_2D_4189_069w,2D, 92.189,16
DO_2D_4190_069w,2D, 91.158,16
DO_2D_4190_096w,2D, 98.035,22
DO_2D_4191_069w,2D, 78.853,16
DO_2D_4191_096w,2D, 98.570,22
DO_2D_4192_069w,2D, 92.365,16
DO_2D_4192_096w,2D, 85.664,22
DO_AL_0001_044w,AL, 29.054,10
DO_AL_0001_069w,AL, 61.203,16
DO_AL_0001_097w,AL, 65.475,22
DO_AL_0001_121w,AL, 85.344,28
DO_AL_0002_044w,AL, 21.822,10
DO_AL_0002_069w,AL, 52.834,16
DO_AL_0002_097w,AL, 41.860,22
DO_AL_0003_044w,AL, 24.093,10
DO_AL_0003_069w,AL, 42.780,16
DO_AL_0003_097w,AL, 53.548,22
DO_AL_0003_121w,AL, 55.789,28
DO_AL_0004_044w,AL, 38.949,10
DO_AL_0004_069w,AL, 48.909,16
DO_AL_0004_097w,AL, 56.396,22
DO_AL_0004_121w,AL, 52.860,28
DO_AL_0005_044w,AL, 26.321,10
DO_AL_0005_069w,AL, 48.520,16
DO_AL_0005_097w,AL, 46.148,22
DO_AL_0005_121w,AL, 56.071,28
DO_AL_0006_069w,AL, 63.044,16
DO_AL_0006_097w,AL, 61.127,22
DO_AL_0007_044w,AL, 23.104,10
DO_AL_0007_069w,AL, 51.009,16
DO_AL_0007_097w,AL, 51.542,22
DO_AL_0007_121w,AL, 63.784,28
DO_AL_0008_044w,AL, 22.367,10
DO_AL_0008_069w,AL, 44.577,16
DO_AL_0009_044w,AL, 29.391,10
DO_AL_0010_044w,AL, 29.691,10
DO_AL_0010_069w,AL, 22.966,16
DO_AL_0010_097w,AL, 52.259,22
DO_AL_0011_044w,AL, 45.584,10
DO_AL_0011_069w,AL, 40.929,16
DO_AL_0011_097w,AL, 77.444,22
DO_AL_0011_121w,AL,116.180,28
DO_AL_0012_044w,AL, 32.216,10
DO_AL_0012_069w,AL, 22.264,16
DO_AL_0012_097w,AL, 59.507,22
DO_AL_0012_121w,AL, 74.166,28
DO_AL_0014_044w,AL, 31.388,10
DO_AL_0014_069w,AL, 23.914,16
DO_AL_0014_097w,AL, 32.696,22
DO_AL_0015_044w,AL, 35.495,10
DO_AL_0015_069w,AL, 51.929,16
DO_AL_0016_044w,AL, 31.291,10
DO_AL_0016_069w,AL, 36.454,16
DO_AL_0017_043w,AL, 46.517,10
DO_AL_0018_043w,AL, 29.244,10
DO_AL_0018_069w,AL, 46.235,16
DO_AL_0018_097w,AL, 94.483,22
DO_AL_0019_043w,AL, 25.558,10
DO_AL_0019_069w,AL, 62.846,16
DO_AL_0020_043w,AL, 32.011,10
DO_AL_0020_069w,AL, 61.281,16
DO_AL_0020_097w,AL, 94.212,22
DO_AL_0021_043w,AL, 27.699,10
DO_AL_0021_069w,AL, 63.667,16
DO_AL_0021_097w,AL, 95.681,22
DO_AL_0021_121w,AL, 63.282,28
DO_AL_0023_043w,AL, 32.784,10
DO_AL_0023_069w,AL, 72.202,16
DO_AL_0024_043w,AL, 22.750,10
DO_AL_0024_069w,AL, 68.355,16
DO_AL_0024_097w,AL, 93.342,22
DO_AL_0024_121w,AL, 59.571,28
DO_AL_0025_043w,AL, 33.130,10
DO_AL_0025_069w,AL, 58.693,16
DO_AL_0025_097w,AL, 62.688,22
DO_AL_0025_121w,AL, 99.938,28
DO_AL_0026_043w,AL, 22.415,10
DO_AL_0026_069w,AL, 55.703,16
DO_AL_0026_097w,AL, 48.512,22
DO_AL_0026_121w,AL, 57.024,28
DO_AL_0027_043w,AL, 26.896,10
DO_AL_0027_069w,AL, 66.109,16
DO_AL_0027_097w,AL, 85.158,22
DO_AL_0028_043w,AL, 22.264,10
DO_AL_0028_069w,AL, 57.299,16
DO_AL_0028_097w,AL, 67.642,22
DO_AL_0028_121w,AL, 52.471,28
DO_AL_0029_043w,AL, 23.043,10
DO_AL_0029_069w,AL, 47.757,16
DO_AL_0030_043w,AL, 22.093,10
DO_AL_0030_069w,AL, 55.298,16
DO_AL_0030_097w,AL, 79.030,22
DO_AL_0030_121w,AL, 93.005,28
DO_AL_0031_043w,AL, 38.260,10
DO_AL_0031_069w,AL, 49.893,16
DO_AL_0032_069w,AL, 49.972,16
DO_AL_0033_023w,AL, 25.878, 5
DO_AL_0033_069w,AL, 38.783,16
DO_AL_0033_096w,AL, 97.325,22
DO_AL_0033_121w,AL, 94.475,28
DO_AL_0034_023w,AL, 26.829, 5
DO_AL_0035_023w,AL, 28.611, 5
DO_AL_0035_069w,AL, 30.894,16
DO_AL_0036_069w,AL, 32.463,16
DO_AL_0036_096w,AL, 68.709,22
DO_AL_0037_069w,AL, 34.200,16
DO_AL_0037_096w,AL, 95.728,22
DO_AL_0038_023w,AL, 23.464, 5
DO_AL_0038_069w,AL, 25.700,16
DO_AL_0039_023w,AL, 24.324, 5
DO_AL_0039_069w,AL, 32.717,16
DO_AL_0040_023w,AL, 29.543, 5
DO_AL_0040_069w,AL, 25.659,16
DO_AL_0040_096w,AL, 80.767,22
DO_AL_0041_044w,AL, 21.980,10
DO_AL_0041_069w,AL, 31.916,16
DO_AL_0041_096w,AL, 52.307,22
DO_AL_0042_044w,AL, 25.168,10
DO_AL_0042_069w,AL, 32.607,16
DO_AL_0042_096w,AL, 56.937,22
DO_AL_0043_069w,AL, 22.601,16
DO_AL_0043_096w,AL, 56.095,22
DO_AL_0043_121w,AL, 62.860,28
DO_AL_0044_023w,AL, 29.822, 5
DO_AL_0044_044w,AL, 22.698,10
DO_AL_0045_023w,AL, 29.571, 5
DO_AL_0045_044w,AL, 23.631,10
DO_AL_0045_069w,AL, 29.587,16
DO_AL_0045_096w,AL, 59.193,22
DO_AL_0045_121w,AL, 70.261,28
DO_AL_0046_023w,AL, 22.254, 5
DO_AL_0046_044w,AL, 22.608,10
DO_AL_0046_069w,AL, 30.804,16
DO_AL_0046_096w,AL, 45.551,22
DO_AL_0047_023w,AL, 23.285, 5
DO_AL_0047_044w,AL, 24.427,10
DO_AL_0047_069w,AL, 33.945,16
DO_AL_0047_096w,AL, 49.003,22
DO_AL_0047_121w,AL, 80.903,28
DO_AL_0048_023w,AL, 26.620, 5
DO_AL_0048_044w,AL, 25.391,10
DO_AL_0048_069w,AL, 23.831,16
DO_AL_0048_096w,AL, 67.625,22
DO_AL_0049_020w,AL, 25.947, 5
DO_AL_0049_044w,AL, 39.094,10
DO_AL_0049_069w,AL, 54.251,16
DO_AL_0050_020w,AL, 26.158, 5
DO_AL_0050_069w,AL, 50.253,16
DO_AL_0050_121w,AL, 50.157,28
DO_AL_0051_020w,AL, 22.711, 5
DO_AL_0051_044w,AL, 21.237,10
DO_AL_0051_069w,AL, 42.250,16
DO_AL_0051_096w,AL, 59.195,22
DO_AL_0051_121w,AL, 55.400,28
DO_AL_0052_020w,AL, 26.731, 5
DO_AL_0052_069w,AL, 44.346,16
DO_AL_0052_096w,AL, 63.526,22
DO_AL_0052_121w,AL, 60.003,28
DO_AL_0053_020w,AL, 31.195, 5
DO_AL_0053_044w,AL, 25.166,10
DO_AL_0053_069w,AL, 55.827,16
DO_AL_0053_096w,AL, 57.815,22
DO_AL_0053_121w,AL, 54.425,28
DO_AL_0054_020w,AL, 24.649, 5
DO_AL_0054_096w,AL, 89.464,22
DO_AL_0055_020w,AL, 24.587, 5
DO_AL_0055_096w,AL, 44.798,22
DO_AL_0056_020w,AL, 22.011, 5
DO_AL_0056_069w,AL, 44.013,16
DO_AL_0056_096w,AL, 56.633,22
DO_AL_0057_044w,AL, 23.915,10
DO_AL_0057_069w,AL, 32.082,16
DO_AL_0057_096w,AL, 52.063,22
DO_AL_0058_020w,AL, 24.046, 5
DO_AL_0058_096w,AL, 54.634,22
DO_AL_0059_020w,AL, 23.167, 5
DO_AL_0059_044w,AL, 21.370,10
DO_AL_0060_020w,AL, 23.316, 5
DO_AL_0060_069w,AL, 47.282,16
DO_AL_0060_096w,AL, 61.613,22
DO_AL_0060_121w,AL, 89.475,28
DO_AL_0061_020w,AL, 23.900, 5
DO_AL_0062_020w,AL, 33.135, 5
DO_AL_0062_069w,AL, 54.919,16
DO_AL_0063_020w,AL, 24.489, 5
DO_AL_0063_069w,AL, 51.283,16
DO_AL_0063_096w,AL, 65.685,22
DO_AL_0064_020w,AL, 25.548, 5
DO_AL_0064_069w,AL, 38.512,16
DO_AL_0065_021w,AL, 27.503, 5
DO_AL_0065_044w,AL, 24.325,10
DO_AL_0065_068w,AL, 50.412,16
DO_AL_0066_044w,AL, 33.950,10
DO_AL_0066_068w,AL, 59.731,16
DO_AL_0066_095w,AL, 64.185,22
DO_AL_0067_021w,AL, 25.249, 5
DO_AL_0067_044w,AL, 28.560,10
DO_AL_0067_068w,AL, 70.998,16
DO_AL_0068_044w,AL, 27.910,10
DO_AL_0068_068w,AL, 60.470,16
DO_AL_0068_095w,AL, 64.029,22
DO_AL_0068_120w,AL, 65.268,28
DO_AL_0069_068w,AL, 57.981,16
DO_AL_0069_095w,AL, 51.466,22
DO_AL_0070_021w,AL, 22.347, 5
DO_AL_0070_044w,AL, 23.104,10
DO_AL_0070_068w,AL, 64.743,16
DO_AL_0071_021w,AL, 24.512, 5
DO_AL_0071_044w,AL, 22.271,10
DO_AL_0071_068w,AL, 66.153,16
DO_AL_0071_095w,AL, 48.322,22
DO_AL_0071_120w,AL, 56.653,28
DO_AL_0072_021w,AL, 28.372, 5
DO_AL_0072_044w,AL, 31.166,10
DO_AL_0072_095w,AL, 62.958,22
DO_AL_0073_021w,AL, 20.611, 5
DO_AL_0073_044w,AL, 30.707,10
DO_AL_0074_021w,AL, 27.003, 5
DO_AL_0074_068w,AL, 30.118,16
DO_AL_0075_021w,AL, 21.964, 5
DO_AL_0075_068w,AL, 30.431,16
DO_AL_0075_095w,AL, 60.628,22
DO_AL_0076_021w,AL, 24.584, 5
DO_AL_0076_068w,AL, 36.762,16
DO_AL_0076_095w,AL, 58.878,22
DO_AL_0077_021w,AL, 24.374, 5
DO_AL_0077_068w,AL, 33.213,16
DO_AL_0077_095w,AL, 75.976,22
DO_AL_0077_120w,AL, 91.264,28
DO_AL_0078_068w,AL, 22.316,16
DO_AL_0078_120w,AL, 78.374,28
DO_AL_0079_021w,AL, 24.837, 5
DO_AL_0079_068w,AL, 32.371,16
DO_AL_0079_095w,AL, 47.520,22
DO_AL_0080_021w,AL, 27.108, 5
DO_AL_0080_068w,AL, 28.904,16
DO_AL_0080_095w,AL, 66.152,22
DO_AL_0081_096w,AL, 72.434,22
DO_AL_0082_022w,AL, 22.649, 5
DO_AL_0083_022w,AL, 35.060, 5
DO_AL_0083_069w,AL, 50.594,16
DO_AL_0083_096w,AL, 84.933,22
DO_AL_0084_022w,AL, 28.025, 5
DO_AL_0084_044w,AL, 32.643,10
DO_AL_0084_069w,AL, 55.422,16
DO_AL_0084_096w,AL, 66.265,22
DO_AL_0085_022w,AL, 30.723, 5
DO_AL_0085_069w,AL, 44.378,16
DO_AL_0085_096w,AL, 45.093,22
DO_AL_0087_022w,AL, 23.446, 5
DO_AL_0087_069w,AL, 48.242,16
DO_AL_0088_022w,AL, 29.328, 5
DO_AL_0088_069w,AL, 68.174,16
DO_AL_0088_096w,AL, 58.017,22
DO_AL_0089_022w,AL, 23.446, 5
DO_AL_0090_022w,AL, 21.995, 5
DO_AL_0090_069w,AL, 56.162,16
DO_AL_0090_096w,AL, 72.697,22
DO_AL_0091_022w,AL, 27.394, 5
DO_AL_0091_069w,AL, 49.877,16
DO_AL_0091_096w,AL, 50.172,22
DO_AL_0091_121w,AL, 94.288,28
DO_AL_0092_069w,AL, 46.129,16
DO_AL_0092_096w,AL, 55.181,22
DO_AL_0092_121w,AL, 53.556,28
DO_AL_0094_044w,AL, 22.007,10
DO_AL_0094_069w,AL, 55.659,16
DO_AL_0094_096w,AL, 67.482,22
DO_AL_0095_069w,AL, 43.096,16
DO_AL_0096_022w,AL, 21.738, 5
DO_AL_0096_069w,AL, 58.734,16
DO_AL_0097_044w,AL, 39.849,10
DO_AL_0097_069w,AL, 52.416,16
DO_AL_0097_096w,AL, 66.816,22
DO_AL_0098_020w,AL, 24.607, 5
DO_AL_0098_044w,AL, 54.116,10
DO_AL_0098_069w,AL,104.747,16
DO_AL_0098_096w,AL,119.470,22
DO_AL_0098_121w,AL,113.831,28
DO_AL_0099_044w,AL, 66.823,10
DO_AL_0099_069w,AL, 88.169,16
DO_AL_0100_044w,AL, 37.783,10
DO_AL_0100_069w,AL, 49.066,16
DO_AL_0101_044w,AL, 53.909,10
DO_AL_0101_069w,AL, 93.969,16
DO_AL_0102_020w,AL, 25.141, 5
DO_AL_0102_044w,AL, 46.380,10
DO_AL_0102_069w,AL, 41.990,16
DO_AL_0102_096w,AL, 89.495,22
DO_AL_0103_020w,AL, 50.464, 5
DO_AL_0103_044w,AL, 68.882,10
DO_AL_0103_069w,AL,102.746,16
DO_AL_0103_096w,AL,111.362,22
DO_AL_0104_020w,AL, 27.391, 5
DO_AL_0104_044w,AL, 39.641,10
DO_AL_0104_069w,AL, 64.813,16
DO_AL_0104_096w,AL, 81.254,22
DO_AL_0105_044w,AL, 44.135,10
DO_AL_0105_069w,AL, 52.110,16
DO_AL_0105_096w,AL, 87.533,22
DO_AL_0105_121w,AL, 92.997,28
DO_AL_0106_020w,AL, 22.516, 5
DO_AL_0106_044w,AL, 36.809,10
DO_AL_0106_069w,AL, 78.777,16
DO_AL_0106_096w,AL, 78.308,22
DO_AL_0106_121w,AL, 99.186,28
DO_AL_0107_020w,AL, 23.992, 5
DO_AL_0107_044w,AL, 29.001,10
DO_AL_0107_121w,AL,105.638,28
DO_AL_0108_020w,AL, 24.770, 5
DO_AL_0108_044w,AL, 22.994,10
DO_AL_0108_069w,AL, 46.378,16
DO_AL_0108_096w,AL, 58.369,22
DO_AL_0109_020w,AL, 26.388, 5
DO_AL_0109_044w,AL, 23.849,10
DO_AL_0110_020w,AL, 28.211, 5
DO_AL_0110_044w,AL, 45.987,10
DO_AL_0111_020w,AL, 32.854, 5
DO_AL_0111_044w,AL, 36.262,10
DO_AL_0112_020w,AL, 26.744, 5
DO_AL_0112_044w,AL, 35.098,10
DO_AL_0112_069w,AL, 45.852,16
DO_AL_0112_096w,AL, 50.755,22
DO_AL_0112_121w,AL, 88.790,28
DO_AL_0114_021w,AL, 25.157, 5
DO_AL_0114_069w,AL, 54.734,16
DO_AL_0114_096w,AL, 78.299,22
DO_AL_0115_069w,AL, 61.691,16
DO_AL_0115_096w,AL, 77.860,22
DO_AL_0115_120w,AL, 77.009,28
DO_AL_0116_021w,AL, 28.043, 5
DO_AL_0116_069w,AL, 90.262,16
DO_AL_0117_044w,AL, 25.274,10
DO_AL_0117_069w,AL, 60.030,16
DO_AL_0117_096w,AL, 83.186,22
DO_AL_0117_120w,AL, 86.333,28
DO_AL_0118_021w,AL, 68.798, 5
DO_AL_0118_044w,AL, 22.253,10
DO_AL_0118_069w,AL, 55.792,16
DO_AL_0118_096w,AL, 66.393,22
DO_AL_0118_120w,AL, 86.474,28
DO_AL_0119_044w,AL, 29.280,10
DO_AL_0119_069w,AL, 43.730,16
DO_AL_0119_096w,AL, 84.861,22
DO_AL_0119_120w,AL, 88.210,28
DO_AL_0120_021w,AL, 95.589, 5
DO_AL_0121_021w,AL, 24.215, 5
DO_AL_0121_044w,AL, 50.993,10
DO_AL_0121_069w,AL, 56.184,16
DO_AL_0122_021w,AL, 68.679, 5
DO_AL_0122_044w,AL, 22.369,10
DO_AL_0122_069w,AL, 49.090,16
DO_AL_0122_096w,AL, 63.454,22
DO_AL_0122_120w,AL, 92.453,28
DO_AL_0123_021w,AL, 92.657, 5
DO_AL_0123_044w,AL, 26.305,10
DO_AL_0123_096w,AL, 75.785,22
DO_AL_0124_021w,AL, 82.138, 5
DO_AL_0125_021w,AL, 22.260, 5
DO_AL_0125_044w,AL, 24.994,10
DO_AL_0125_069w,AL, 49.620,16
DO_AL_0125_096w,AL, 60.638,22
DO_AL_0125_120w,AL, 83.578,28
DO_AL_0126_021w,AL, 24.682, 5
DO_AL_0126_044w,AL, 26.145,10
DO_AL_0127_021w,AL, 29.772, 5
DO_AL_0127_044w,AL, 35.354,10
DO_AL_0127_069w,AL, 59.462,16
DO_AL_0127_096w,AL, 51.074,22
DO_AL_0128_021w,AL, 21.758, 5
DO_AL_0128_044w,AL, 28.117,10
DO_AL_0128_069w,AL, 55.086,16
DO_AL_0128_096w,AL, 43.723,22
DO_AL_0128_120w,AL, 93.241,28
DO_AL_0129_021w,AL, 32.103, 5
DO_AL_0130_021w,AL, 58.348, 5
DO_AL_0130_044w,AL, 61.619,10
DO_AL_0130_069w,AL, 84.062,16
DO_AL_0131_021w,AL, 23.868, 5
DO_AL_0131_069w,AL, 52.443,16
DO_AL_0131_096w,AL, 30.578,22
DO_AL_0132_021w,AL, 23.422, 5
DO_AL_0132_044w,AL, 28.316,10
DO_AL_0132_069w,AL, 56.447,16
DO_AL_0133_021w,AL, 43.407, 5
DO_AL_0133_044w,AL, 30.475,10
DO_AL_0133_069w,AL, 65.802,16
DO_AL_0133_121w,AL, 30.545,28
DO_AL_0134_021w,AL, 23.669, 5
DO_AL_0134_044w,AL, 22.197,10
DO_AL_0134_069w,AL, 27.416,16
DO_AL_0134_096w,AL, 54.064,22
DO_AL_0135_021w,AL, 28.969, 5
DO_AL_0136_021w,AL, 32.461, 5
DO_AL_0136_044w,AL, 28.051,10
DO_AL_0136_121w,AL, 83.179,28
DO_AL_0137_021w,AL, 31.870, 5
DO_AL_0137_044w,AL, 22.301,10
DO_AL_0137_069w,AL, 31.517,16
DO_AL_0138_021w,AL, 78.222, 5
DO_AL_0138_069w,AL, 76.750,16
DO_AL_0139_044w,AL, 43.837,10
DO_AL_0139_069w,AL, 30.271,16
DO_AL_0139_096w,AL, 62.795,22
DO_AL_0140_021w,AL, 24.234, 5
DO_AL_0140_044w,AL, 28.868,10
DO_AL_0140_069w,AL, 30.134,16
DO_AL_0140_096w,AL, 59.964,22
DO_AL_0140_121w,AL, 75.832,28
DO_AL_0141_044w,AL, 22.859,10
DO_AL_0141_069w,AL, 37.991,16
DO_AL_0142_044w,AL, 27.433,10
DO_AL_0142_069w,AL, 27.879,16
DO_AL_0142_121w,AL, 61.443,28
DO_AL_0143_021w,AL, 22.627, 5
DO_AL_0143_044w,AL, 30.532,10
DO_AL_0143_069w,AL, 41.522,16
DO_AL_0143_121w,AL,100.338,28
DO_AL_0144_044w,AL, 23.327,10
DO_AL_0144_069w,AL, 50.139,16
DO_AL_0145_021w,AL, 25.912, 5
DO_AL_0145_044w,AL, 24.231,10
DO_AL_0145_069w,AL, 36.663,16
DO_AL_0145_096w,AL, 62.522,22
DO_AL_0146_021w,AL, 36.408, 5
DO_AL_0147_021w,AL, 27.318, 5
DO_AL_0147_069w,AL, 82.030,16
DO_AL_0147_096w,AL, 65.046,22
DO_AL_0148_021w,AL, 26.474, 5
DO_AL_0148_069w,AL, 59.578,16
DO_AL_0149_044w,AL, 28.947,10
DO_AL_0149_069w,AL, 39.514,16
DO_AL_0149_096w,AL, 46.244,22
DO_AL_0150_069w,AL, 50.348,16
DO_AL_0150_096w,AL, 73.641,22
DO_AL_0151_021w,AL, 35.602, 5
DO_AL_0152_021w,AL, 25.272, 5
DO_AL_0152_069w,AL, 51.558,16
DO_AL_0153_044w,AL, 73.876,10
DO_AL_0153_069w,AL, 58.609,16
DO_AL_0153_096w,AL, 99.121,22
DO_AL_0154_021w,AL, 33.367, 5
DO_AL_0154_069w,AL, 58.391,16
DO_AL_0155_021w,AL, 37.901, 5
DO_AL_0155_044w,AL, 54.175,10
DO_AL_0156_044w,AL, 25.277,10
DO_AL_0157_096w,AL, 60.732,22
DO_AL_0158_044w,AL, 58.377,10
DO_AL_0159_021w,AL, 73.632, 5
DO_AL_0159_069w,AL, 48.411,16
DO_AL_0160_021w,AL, 38.395, 5
DO_AL_0161_021w,AL, 24.451, 5
DO_AL_0161_069w,AL, 26.249,16
DO_AL_0161_097w,AL, 34.746,22
DO_AL_0162_021w,AL, 43.162, 5
DO_AL_0162_044w,AL, 23.322,10
DO_AL_0162_097w,AL, 31.649,22
DO_AL_0162_121w,AL, 53.073,28
DO_AL_0163_021w,AL, 26.369, 5
DO_AL_0163_044w,AL, 31.966,10
DO_AL_0164_044w,AL, 23.231,10
DO_AL_0164_097w,AL, 43.368,22
DO_AL_0165_021w,AL, 23.400, 5
DO_AL_0166_021w,AL, 25.514, 5
DO_AL_0166_097w,AL, 41.954,22
DO_AL_0167_021w,AL, 30.083, 5
DO_AL_0167_097w,AL, 47.172,22
DO_AL_0168_021w,AL, 23.097, 5
DO_AL_0169_021w,AL, 25.617, 5
DO_AL_0169_044w,AL, 26.717,10
DO_AL_0169_069w,AL, 38.638,16
DO_AL_0170_021w,AL, 21.716, 5
DO_AL_0170_044w,AL, 26.260,10
DO_AL_0171_021w,AL, 23.058, 5
DO_AL_0171_044w,AL, 23.427,10
DO_AL_0171_069w,AL, 36.139,16
DO_AL_0172_021w,AL, 32.973, 5
DO_AL_0172_044w,AL, 31.335,10
DO_AL_0172_069w,AL, 39.562,16
DO_AL_0172_097w,AL, 43.085,22
DO_AL_0172_121w,AL, 50.486,28
DO_AL_0173_021w,AL, 24.028, 5
DO_AL_0173_044w,AL, 32.164,10
DO_AL_0173_069w,AL, 27.982,16
DO_AL_0173_097w,AL, 51.219,22
DO_AL_0173_121w,AL, 60.962,28
DO_AL_0174_021w,AL, 29.222, 5
DO_AL_0174_069w,AL, 24.555,16
DO_AL_0175_021w,AL, 24.277, 5
DO_AL_0175_044w,AL, 28.003,10
DO_AL_0175_097w,AL, 65.936,22
DO_AL_0175_121w,AL, 61.545,28
DO_AL_0176_021w,AL, 22.813, 5
DO_AL_0176_044w,AL, 32.931,10
DO_AL_0176_069w,AL, 31.363,16
DO_AL_0176_097w,AL, 74.333,22
DO_AL_0177_021w,AL, 34.134, 5
DO_AL_0177_069w,AL, 70.374,16
DO_AL_0177_096w,AL,111.866,22
DO_AL_0178_021w,AL, 37.685, 5
DO_AL_0179_021w,AL, 34.220, 5
DO_AL_0179_069w,AL, 70.905,16
DO_AL_0179_096w,AL, 95.714,22
DO_AL_0179_122w,AL, 83.581,28
DO_AL_0180_021w,AL, 35.188, 5
DO_AL_0180_069w,AL, 86.375,16
DO_AL_0180_096w,AL,103.421,22
DO_AL_0180_122w,AL,118.230,28
DO_AL_0181_021w,AL, 24.714, 5
DO_AL_0181_069w,AL, 65.353,16
DO_AL_0181_096w,AL,101.067,22
DO_AL_0181_122w,AL, 93.414,28
DO_AL_0182_021w,AL, 26.891, 5
DO_AL_0182_069w,AL, 86.708,16
DO_AL_0183_021w,AL, 33.435, 5
DO_AL_0183_069w,AL,107.797,16
DO_AL_0184_021w,AL, 28.133, 5
DO_AL_0184_069w,AL, 58.316,16
DO_AL_0184_096w,AL, 63.499,22
DO_AL_0184_122w,AL, 51.390,28
DO_AL_0185_021w,AL, 31.330, 5
DO_AL_0185_069w,AL, 28.434,16
DO_AL_0185_096w,AL, 54.690,22
DO_AL_0185_122w,AL, 69.557,28
DO_AL_0186_021w,AL, 37.409, 5
DO_AL_0186_069w,AL, 67.010,16
DO_AL_0187_021w,AL, 28.681, 5
DO_AL_0188_021w,AL, 27.614, 5
DO_AL_0188_122w,AL,117.619,28
DO_AL_0189_021w,AL, 23.910, 5
DO_AL_0189_069w,AL, 52.963,16
DO_AL_0191_021w,AL, 33.619, 5
DO_AL_0191_044w,AL, 52.146,10
DO_AL_0192_021w,AL, 22.702, 5
DO_AL_0192_044w,AL, 66.453,10
